-- phpMyAdmin SQL Dump
-- version 4.8.3
-- https://www.phpmyadmin.net/
--
-- Host: localhost:3306
-- Generation Time: Jun 12, 2019 at 10:35 AM
-- Server version: 5.7.24-log
-- PHP Version: 7.2.10

SET SQL_MODE = "NO_AUTO_VALUE_ON_ZERO";
SET AUTOCOMMIT = 0;
START TRANSACTION;
SET time_zone = "+00:00";


/*!40101 SET @OLD_CHARACTER_SET_CLIENT=@@CHARACTER_SET_CLIENT */;
/*!40101 SET @OLD_CHARACTER_SET_RESULTS=@@CHARACTER_SET_RESULTS */;
/*!40101 SET @OLD_COLLATION_CONNECTION=@@COLLATION_CONNECTION */;
/*!40101 SET NAMES utf8mb4 */;

--
-- Database: `xdieta`
--

-- --------------------------------------------------------

--
-- Table structure for table `aktywnosci`
--

CREATE TABLE `aktywnosci` (
  `id_aktywnosci` int(10) NOT NULL,
  `nazwa_aktywnosci` varchar(15) COLLATE utf8_unicode_ci NOT NULL,
  `spalana_energia` int(10) NOT NULL
) ENGINE=InnoDB DEFAULT CHARSET=utf8 COLLATE=utf8_unicode_ci;

--
-- Dumping data for table `aktywnosci`
--

INSERT INTO `aktywnosci` (`id_aktywnosci`, `nazwa_aktywnosci`, `spalana_energia`) VALUES
(1, 'Trucht', 800),
(2, 'Bieganie', 1300),
(3, 'Plywanie', 1200),
(4, 'Lyzwy', 1800),
(5, 'Narty', 1300),
(6, 'Lekkoatletyka', 1600),
(7, 'Praca siedzaca', 800);

-- --------------------------------------------------------

--
-- Stand-in structure for view `dieta`
-- (See below for the actual view)
--
CREATE TABLE `dieta` (
`Imie` varchar(15)
,`Nazwisko` varchar(15)
,`dzien_tygodnia` int(10)
,`Sniadanie` varchar(100)
,`Drugie Sniadanie` varchar(100)
,`Obiad` varchar(100)
,`Podwieczorek` varchar(100)
,`Kolacja` varchar(100)
);

-- --------------------------------------------------------

--
-- Table structure for table `diety`
--

CREATE TABLE `diety` (
  `id_diety` int(10) NOT NULL,
  `posilek_1` int(11) NOT NULL,
  `posilek_2` int(11) NOT NULL,
  `posilek_3` int(11) NOT NULL,
  `posilek_4` int(11) NOT NULL,
  `posilek_5` int(11) NOT NULL
) ENGINE=InnoDB DEFAULT CHARSET=utf8 COLLATE=utf8_unicode_ci;

--
-- Dumping data for table `diety`
--



-- --------------------------------------------------------

--
-- Table structure for table `konta`
--

CREATE TABLE `konta` (
  `id_uzytkownika` int(10) NOT NULL,
  `Login` varchar(20) COLLATE utf8_unicode_ci NOT NULL,
  `haslo` varchar(255) COLLATE utf8_unicode_ci NOT NULL,
  `uprawnienia` int(10) NOT NULL
) ENGINE=InnoDB DEFAULT CHARSET=utf8 COLLATE=utf8_unicode_ci;

--
-- Dumping data for table `konta`
--

INSERT INTO `konta` (`id_uzytkownika`, `Login`, `haslo`, `uprawnienia`) VALUES
(37, 'Diver', '$5$rounds=535000$ixVLeE36lRhQaYla$dmsikbzVXUNuYIbmAvSrpiNlLZFV8RTGpeyp5GXxOr6', 2),
(38, 'Mefioo', '$5$rounds=535000$iwIZgrdVoSpyeAy.$OxFiGck2xUs4Lo4KT3K9ZNUwwbWIn9X9MOCzRF23uG.', 1),
(39, 'Andre', '$5$rounds=535000$kEoLke/.9raecsjy$IM5QqCNm9J4uVZFcQ0gEpQKurIqu2FIpabBNH0dl0t9', 1),
(40, 'Klient', '$5$rounds=535000$zIyLHyZ5Nhmy1L5k$U/0Qh9xVVBOUtW0J5OiAZy6WCM0VOa9S8mTufdUKA20', 0),
(41, 'Zbyniu', '$5$rounds=535000$Evk.sEeWlr7bnheX$NoxLBfkSoiTaasMJn6HPDqVRhvtdxP8rwJhBVZvpOd/', 0);

-- --------------------------------------------------------

--
-- Stand-in structure for view `logowanie`
-- (See below for the actual view)
--
CREATE TABLE `logowanie` (
`login` varchar(20)
,`haslo` varchar(255)
);

-- --------------------------------------------------------

--
-- Table structure for table `posilki`
--

CREATE TABLE `posilki` (
  `id_posilku` int(10) NOT NULL,
  `nazwa` varchar(100) COLLATE utf8_unicode_ci NOT NULL
) ENGINE=InnoDB DEFAULT CHARSET=utf8 COLLATE=utf8_unicode_ci;

--
-- Dumping data for table `posilki`
--

INSERT INTO `posilki` (`id_posilku`, `nazwa`) VALUES
(426, '\n'),
(2, '﻿\"Makaron\" z cukinii\n'),
(1, '\"Makaron\" z cukinii'),
(3, '\"Makaron\" z cukinii na surowo\n'),
(4, '\"Makaron\" z cukinii z wołowiną\n'),
(5, '\"Ryż\" z kalafiora z mięsem mielonym\n'),
(6, '\"Ryż\" z kalafiora z pesto\n'),
(7, '\"Ryż\" z kalafiora z pomidorem i sosem z awokado\n'),
(8, '\"Ryż\" z kalafiora z sosem z awokado\n'),
(9, '@ Lody bananowo-truskawkowe\n'),
(10, 'Ajvar\n'),
(11, 'Amarantus gotowany\n'),
(12, 'Amarantus na mleku z morelami\n'),
(13, 'Amarantus z jogurtem na słodko z rodzynkami\n'),
(14, 'Ananas\n'),
(15, 'Babeczki owsiane\n'),
(16, 'Bakalie z mlekiem kokosowym\n'),
(17, 'Bakłażan faszerowany z kaszą jaglaną i serem mozzarella\n'),
(18, 'Bakłażan zapiekany z pomidorem i serem mozzarella\n'),
(19, 'Banan\n'),
(20, 'Bananowa jaglanka z arbuzem \n'),
(21, 'Bananowa ryżanka\n'),
(22, 'Bananowe chipsy\n'),
(23, 'Bananowy deser twarogowy\n'),
(24, 'Bananowy pudding chia z masłem orzechowym\n'),
(25, 'Bananowy ryż na mleku z mango \n'),
(26, 'Bataty faszerowane mięsem mielonym \n'),
(27, 'Bataty zapiekane z dipem \n'),
(28, 'Batony czekoladowe z cieciorką\n'),
(29, 'Batony marchewkowe\n'),
(30, 'Batony owocowe z ziarnami\n'),
(31, 'Batony proteinowe\n'),
(32, 'Batony zbożowe bez cukru\n'),
(33, 'Beta-karotenowe smoothie \n'),
(34, 'Beta-karotenowe smoothie  - wersja bezlaktozowa\n'),
(35, 'Bezglutenowe kanapki z paprykową pastą\n'),
(36, 'Bezglutenowe kanapki z serem żółtym i pomidorem\n'),
(37, 'Bezglutenowe placuszki jaglane\n'),
(38, 'Bezglutenowe placuszki z marchwi i dyni\n'),
(39, 'Bezglutenowy chleb jaglano -gryczany\n'),
(40, 'Bezglutenowy chleb z amarantusem\n'),
(41, 'Bezglutenowy mazurek czekoladowy\n'),
(42, 'Bezglutenowy zakwas na barszcz biały\n'),
(43, 'Bezmleczna kukurydzianka z jagodami\n'),
(44, 'Biszkopt domowy z ksylitolem\n'),
(45, 'Boeuf strogonow\n'),
(46, 'Brokuł gotowany\n'),
(47, 'Brownie z czerwonej fasoli\n'),
(48, 'Brownie z kaszy jaglanej\n'),
(49, 'Bruschetta\n'),
(50, 'Brzoskwinia z serkiem homogenizowanym\n'),
(51, 'Buddha bowl\n'),
(52, 'Budyń na mleku krowim\n'),
(53, 'Bułeczki pszenne z twarożkiem i dżemem\n'),
(54, 'Bułka z serkiem śmietankowym\n'),
(55, 'Buraczki na ciepło\n'),
(56, 'Chia pudding z bananem i malinami\n'),
(57, 'Chia pudding z borówkami\n'),
(58, 'Chia pudding z granatem\n'),
(59, 'Chia Pudding z kiwi\n'),
(60, 'Chia pudding z malinami\n'),
(61, 'Chia pudding z mango\n'),
(62, 'Chilli con carne\n'),
(63, 'Chleb bez mąki\n'),
(64, 'Chleb gryczany z pestkami dyni\n'),
(65, 'Chłodnik z botwinki \n'),
(66, 'Chłodnik z ogórkiem i cukinią\n'),
(67, 'Chrupiąca sałatka z fetą\n'),
(68, 'Chrupiąca sałatka z selera naciowego\n'),
(69, 'Chrupiące kuleczki ziemniaczano-szpinakowe\n'),
(70, 'Ciasto buraczkowe\n'),
(71, 'Ciasto na krokiety\n'),
(72, 'Cielęcina w sosie własnym\n'),
(73, 'Cukinia faszerowana kaszą jęczmienną\n'),
(74, 'Cukinia faszerowana komosą ryżową\n'),
(75, 'Curry z dyni\n'),
(76, 'Curry z tofu\n'),
(77, 'Cynamonowa jaglanka z winogronem \n'),
(78, 'Cynamonowo - kakaowa jaglanka\n'),
(79, 'Cytrynowe kaszotto z bobem i cukinią\n'),
(80, 'Czekoladowa jaglanka\n'),
(81, 'Czekoladowa owsianka\n'),
(82, 'Czekoladowa owsianka z malinami\n'),
(83, 'Czekoladowo-kokosowe kuleczki owsiane\n'),
(84, 'Czekoladowy budyń jaglany z bananem\n'),
(85, 'Czekoladowy deser na bazie awokado\n'),
(86, 'Czekoladowy omlet paleo\n'),
(87, 'Czekoladowy pudding lniany\n'),
(88, 'Czerwone odżywcze smoothie\n'),
(89, 'Daktyle\n'),
(90, 'Daktyle świeże\n'),
(91, 'Danie chińskie\n'),
(92, 'Danie z kaszą jęczmienną \n'),
(93, 'Delikatna zupa krem z buraka\n'),
(94, 'Deser ananasowy\n'),
(95, 'Deser brzoskwiniowy\n'),
(96, 'Deser gruszkowy\n'),
(97, 'Deser kiwi\n'),
(98, 'Deser mango\n'),
(99, 'Deser ryżowo - jabłkowy\n'),
(100, 'Deser z jabłkiem\n'),
(101, 'Diabelskie jajka sadzone\n'),
(102, 'Dietetyczna ryba po grecku\n'),
(103, 'Dietetyczne bounty\n'),
(104, 'Dietetyczny bigos\n'),
(105, 'Dip curry z warzywami w słupkach\n'),
(106, 'Dodatki do barszczu białego\n'),
(107, 'Dodatki do kanapki\n'),
(108, 'Dodatki do kanapki z pasztetem rybnym\n'),
(109, 'Dodatki do zupy\n'),
(110, 'Domowa mieszanka orzechowa\n'),
(111, 'Dorsz duszony w porach z brokułem i pomidorową kaszą jaglaną\n'),
(122, 'Dorsz pieczony w  papilotach \n'),
(123, 'Dorsz w jarzynach z ryżem \n'),
(124, 'Dorsz z cukinią z zielonym pesto\n'),
(125, 'Dorsz z zielonym pesto, fasolką i kaszą \n'),
(126, 'Dressing truskawkowy do sałatki\n'),
(127, 'Drobiowe kieszonki z groszkowym puree \n'),
(128, 'Drobiowe kotleciki z surówką z kapusty \n'),
(129, 'Drobiowe pulpeciki zapiekane z ryżem\n'),
(130, 'Drobiowe roladki z pieczonymi ziemniakami i sałatą \n'),
(131, 'Drobiowe roladki z ryżem i pieczonym burakiem\n'),
(132, 'Drobiowe roladki z ryżem i sałatą \n'),
(133, 'Drobiowe szaszłyki z pieczonymi batatami i guacamole\n'),
(134, 'Duszona cielęcina z warzywami\n'),
(135, 'Duszona kaczka z jabłkiem i żurawiną\n'),
(136, 'Duszona pierś z kurczaka w warzywach\n'),
(137, 'Duszona polędwiczka z Quinoa \n'),
(138, 'Duszone polędwiczki wołowe\n'),
(139, 'Duszone tofu w marynacie\n'),
(140, 'Dynia z hummusem\n'),
(141, 'Dynia z sosem z awokado\n'),
(142, 'Dyniowa keksówka\n'),
(143, 'Dyniowe muffinki\n'),
(144, 'Dyniowy makaron\n'),
(145, 'Energetyczna przekąska morelowo - migdałowa\n'),
(146, 'Energetyczne smoothie\n'),
(147, 'Falafel z sałatką z pieczonych warzyw\n'),
(148, 'Farinata pieczarkowo-pomidorowa\n'),
(149, 'Farsz do krokietów z pieczarkami\n'),
(150, 'Farsz do tortilli z hummusem\n'),
(151, 'Farsz z kurczakiem do tortilli\n'),
(152, 'Farsz z makrelą do tortilli\n'),
(153, 'Fasolka po bretońsku\n'),
(154, 'Fasolka szparagowa gotowana\n'),
(155, 'Fasolka szparagowa z kefirem \n'),
(156, 'Faszerowana papryka z wołowiną\n'),
(157, 'Faszerowana papryka z wołowiną i pęczakiem\n'),
(158, 'Faszerowane jaja z tuńczykiem\n'),
(159, 'Figi suszone\n'),
(160, 'Fit ciastka z ciecierzycą\n'),
(161, 'Fit Pascha Last Minute\n'),
(162, 'Fit pierniczki owsiane ze zdrowym lukrem\n'),
(163, 'Fit piernik marchewkowy\n'),
(164, 'Fit sałatka jarzynowa\n'),
(165, 'Fit sałatka śledziowa z majonezem\n'),
(166, 'Fit trufle twarogowe\n'),
(167, 'Fit żurek z topinambura\n'),
(168, 'Frittata z cukinią i serem feta\n'),
(169, 'Frittata z papryką i cukinią\n'),
(170, 'Frittata z papryką, groszkiem i pomidorkami\n'),
(171, 'Frytki warzywne\n'),
(172, 'Frytki z batatów\n'),
(173, 'Frytki ziemniaczane pieczone\n'),
(174, 'Galaretka z kiwi i orzechami\n'),
(175, 'Gazpacho\n'),
(176, 'Gofry bezglutenowe i bez jajek z dżemem\n'),
(177, 'Gofry dyniowe z cynamonem\n'),
(178, 'Gofry na mące z ciecierzycy z hummusem i warzywami\n'),
(179, 'Gołąbki bez mięsa\n'),
(180, 'Gołąbki z mięsem z kurczaka\n'),
(181, 'Grahamka z hummusem i kiełkami\n'),
(182, 'Grahamka z pastą z kurczaka i jajka\n'),
(183, 'Grahamka z pomidorem\n'),
(184, 'Grahamka z twarożkiem\n'),
(185, 'Grejpfrut z pestkami dyni\n'),
(186, 'Grillowana pierś z kurczaka z warzywną komosą \n'),
(187, 'Grillowane piersi z kurczaka z \"boćwinkową\" kaszą jaglaną \n'),
(188, 'Gruszka\n'),
(189, 'Gryczane kulki mocy z soczewicą\n'),
(190, 'Gryczanka z musem z gruszki \n'),
(191, 'Gryczany mus na słodko z malinami\n'),
(192, 'Gryczany mus na słodko z nektarynką\n'),
(193, 'Grzanki\n'),
(194, 'Grzanki francuskie\n'),
(195, 'Grzanki z awokado i twarożkiem\n'),
(196, 'Grzanki z awokado, łososiem i pesto\n'),
(197, 'Grzanki z guacamole i pieczonym kurczakiem\n'),
(198, 'Grzanki z kozim serem i  ananasem \n'),
(199, 'Grzanki z pesto\n'),
(200, 'Grzanki z powidłami\n'),
(201, 'Grzanki z serkiem i musem owocowym\n'),
(202, 'Grzanki ze szpinakiem i jajkiem\n'),
(203, 'Guacamole\n'),
(204, 'Gulasz wołowy z kaszą gryczaną\n'),
(205, 'Gulasz wołowy z kaszą jęczmienną ze śmietaną\n'),
(206, 'Halibut z cytrynowym sosem jogurtowym na sałacie\n'),
(207, 'Hummus klasyczny\n'),
(208, 'Hummus z selerem\n'),
(209, 'Indyk duszony w sosie pomidorowym\n'),
(210, 'Indyk z warzywami\n'),
(211, 'Indyk z warzywami na patelnię\n'),
(212, 'Izotoniczny sok ananasowy\n'),
(213, 'Izotoniczny sok gruszkowy\n'),
(214, 'Izotoniczny sok jabłkowy\n'),
(215, 'Izotoniczny sok pomarańczowy\n'),
(216, 'Jabłka suszone\n'),
(217, 'Jabłko\n'),
(218, 'Jabłko pieczone\n'),
(219, 'Jabłko z masłem orzechowym\n'),
(220, 'Jabłko ze śliwkową nutellą \n'),
(221, 'Jaglana szarlotka\n'),
(222, 'Jaglane smoothie z brzoskwiniami\n'),
(223, 'Jaglanka mleczna z bananem i orzechami\n'),
(224, 'Jaglanka pomarańczowa\n'),
(225, 'Jaglanka z bananem\n'),
(226, 'Jaglanka z borówkami \n'),
(227, 'Jaglanka z figami\n'),
(228, 'Jaglanka z pistacjami i truskawkami \n'),
(229, 'Jagodowy serek wiejski z mleczną bułeczką \n'),
(230, 'Jaja faszerowane pastą awokado\n'),
(231, 'Jajecznica z 2 jaj z pomidorami i pieczywem\n'),
(232, 'Jajecznica z brokułem i jarmużem\n'),
(233, 'Jajecznica z cukinią curry\n'),
(234, 'Jajecznica z pieczarkami i bezglutenowym pieczywem\n'),
(235, 'Jajecznica z pieczarkami i chlebem chrupkim bezglutenowym\n'),
(236, 'Jajecznica z pomidorami\n'),
(237, 'Jajecznica z pomidorami i chlebem żytnim\n'),
(238, 'Jajecznica z suszonymi pomidorami i chlebem żytnim\n'),
(239, 'Jajecznica ze szczypiorkiem i pomidorami \n'),
(240, 'Jajecznica ze szpinakiem\n'),
(241, 'Jajka na miękko z brokułem i papryką\n'),
(242, 'Jajka na miękko z brokułem i pomidorem\n'),
(243, 'Jajka na twardo z hummusem\n'),
(244, 'Jajka sadzone na szynce\n'),
(245, 'Jajka sadzone po meksykańsku z grzankami\n'),
(246, 'Jajka z pastą z suszonych pomidorów\n'),
(247, 'Jajka z twarożkiem i wędzonym łososiem\n'),
(248, 'Jajko na miękko z sałatką pomidorową i chlebem chrupkim\n'),
(249, 'Jajko na miękko z warzywną kanapką\n'),
(250, 'Jajko po benedyktyńsku\n'),
(251, 'Jajko sadzone na bułce z warzywami\n'),
(252, 'Jajko sadzone na grahamce z hummusem\n'),
(253, 'Jajko sadzone na grzance z guacamole \n'),
(254, 'Jajko sadzone ze szpinakiem\n'),
(255, 'Jajko w koszulce na grzankach z hummusem \n'),
(256, 'Jajko zapiekane w bułce \n'),
(258, 'Jęczmienna zapiekanka na słodko\n'),
(257, 'Jedwabisty omlet na szpinaku \n'),
(259, 'Jogurt naturalny\n'),
(260, 'Jogurt sojowy z musli i owocami\n'),
(261, 'Kalafior gotowany\n'),
(262, 'Kalafior zapiekany pod beszamelem \n'),
(263, 'Kanapka Caprese z pesto i pestkami dyni\n'),
(264, 'Kanapka z kurczakiem i mango \n'),
(265, 'Kanapka z miodem i sok \n'),
(266, 'Kanapka z pastą z zielonego groszku i wędliną \n'),
(267, 'Kanapka z serem pleśniowym\n'),
(268, 'Kanapka z twarożkiem, miodem i orzechami\n'),
(269, 'Kanapka z wędliną i pomidory z jogurtem \n'),
(270, 'Kanapki bezglutenowe z powidłami\n'),
(271, 'Kanapki warzywne\n'),
(272, 'Kanapki z awokado\n'),
(273, 'Kanapki z batatów z hummusem i suszonymi pomidorami\n'),
(274, 'Kanapki z bazyliowo - kurczakową pastą\n'),
(275, 'Kanapki z guacamole bezglutenowe\n'),
(276, 'Kanapki z hummusem\n'),
(277, 'Kanapki z jajkiem\n'),
(278, 'Kanapki z łososiem bezglutenowe\n'),
(279, 'Kanapki z masłem orzechowym i dżemem\n'),
(280, 'Kanapki z miodem i orzechami\n'),
(281, 'Kanapki z pastą awokado z tuńczykiem\n'),
(282, 'Kanapki z pastą drobiową z curry\n'),
(283, 'Kanapki z pastą fasolową\n'),
(284, 'Kanapki z pastą jajeczną\n'),
(285, 'Kanapki z pastą jajeczno - jaglaną\n'),
(286, 'Kanapki z pastą rybno - pomidorową\n'),
(287, 'Kanapki z pastą sardynkowo - pomidorową\n'),
(288, 'Kanapki z pastą sojową\n'),
(289, 'Kanapki z pastą sojową bezglutenowe\n'),
(290, 'Kanapki z pastą z ciecierzycy \n'),
(291, 'Kanapki z pastą z kalafiora \n'),
(292, 'Kanapki z pastą z makreli\n'),
(293, 'Kanapki z pastą z tuńczyka\n'),
(294, 'Kanapki z pastą z zielonego groszku bezglutenowe\n'),
(295, 'Kanapki z pieczonym pasztetem\n'),
(296, 'Kanapki z pomidorową pastą z serka wiejskiego\n'),
(297, 'Kanapki z pumperniklem i łososiem \n'),
(298, 'Kanapki z pumperniklem i warzywnym serkiem\n'),
(299, 'Kanapki z serem żółtym bezglutenowe\n'),
(300, 'Kanapki z serkiem i awokado\n'),
(301, 'Kanapki z serkiem i awokado \n'),
(302, 'Kanapki z serkiem kanapkowym\n'),
(303, 'Kanapki z serkiem śmietankowym\n'),
(304, 'Kanapki z serkiem twarogowym ziarnistym\n'),
(305, 'Kanapki z tofu - twarożkiem\n'),
(306, 'Kanapki z tofu w sosie orzechowym\n'),
(307, 'Kanapki z tuńczykiem\n'),
(308, 'Kanapki z twarogiem\n'),
(309, 'Kanapki z twarogiem na słodko\n'),
(310, 'Kanapki z twarogiem, miodem i nasionami słonecznika\n'),
(311, 'Kanapki z twarożkiem (szczypiorek i rzodkiewka)\n'),
(312, 'Kanapki z twarożkiem bezglutenowe\n'),
(313, 'Kanapki z twarożkiem i warzywami\n'),
(314, 'Kanapki z warzywnym twarożkiem\n'),
(315, 'Kanapki z wędliną z kurczaka bezglutenowe\n'),
(316, 'Kanapki z wędzonym łososiem i rukolą \n'),
(317, 'Kanapki z zielonym pesto\n'),
(318, 'Kapusta z grochem i grzybami\n'),
(319, 'Karotenowy sok\n'),
(320, 'Karp pieczony w folii ze szpinakiem\n'),
(321, 'Karp z pistacjami i pomarańczowymi burakami\n'),
(322, 'Kasza bulgur z jogurtem i musem \n'),
(323, 'Kasza gryczana gotowana\n'),
(324, 'Kasza gryczana z fetą i pieczonym burakiem \n'),
(325, 'Kasza gryczana z kefirem\n'),
(326, 'Kasza jaglana na słodko z musem z kiwi\n'),
(327, 'Kasza jaglana pomarańczowo - kokosowa\n'),
(328, 'Kasza jaglana z bananem i kakaowym sosem\n'),
(329, 'Kasza jaglana z truskawkami \n'),
(330, 'Kasza jęczmienna (pęczak) gotowana\n'),
(331, 'Kasza jęczmienna na słodko z malinami\n'),
(332, 'Kasza jęczmienna z fasolą i warzywami\n'),
(333, 'Kasza manna na mleku z duszoną gruszką \n'),
(334, 'Kasza manna z daktylami\n'),
(335, 'Kasza manna z granatem i pomarańczą\n'),
(336, 'Kasza manna z truskawkami \n'),
(337, 'Kasza pęczak z zielonymi warzywami i czerwonym kurczakiem \n'),
(338, 'Kaszka manna z grejpfrutem\n'),
(339, 'Kaszka manna z musem z malin \n'),
(340, 'Kefir z gruszką i karobem\n'),
(341, 'Kefir z gruszką i śliwką z amarantusem\n'),
(342, 'Kefir z jabłkiem i cynamonem\n'),
(343, 'Kefir z malinami\n'),
(344, 'Kieliszek szampana\n'),
(345, 'Kluski śląskie z mięsno - warzywnym ratatouille\n'),
(346, 'Kofty\n'),
(347, 'Kogel mogel\n'),
(348, 'Kokosanka z orzechami i mango\n'),
(349, 'Kokosowa bita śmietana\n'),
(350, 'Kokosowa kasza manna z ananasem\n'),
(351, 'Kokosowa kasza manna z gruszkowym musem \n'),
(352, 'Kokosowy pudding chia\n'),
(353, 'Kokosowy pudding chia z czekoladą\n'),
(354, 'Koktajl \"bomba antyoksydantów\"\n'),
(355, 'Koktajl bananowo - orzechowy\n'),
(356, 'Koktajl gryczany z mango i miętą\n'),
(357, 'Koktajl kokosowo-bananowy\n'),
(358, 'Koktajl mango-banan\n'),
(359, 'Koktajl maślanka z pomarańczą\n'),
(360, 'Koktajl owsiany\n'),
(361, 'Koktajl owsiany borówkowo- kokosowy\n'),
(362, 'Koktajl proteinowy z owocami\n'),
(363, 'Koktajl z gruszką i jabłkiem\n'),
(364, 'Koktajl z kaszą gryczaną\n'),
(365, 'Koktajl z kiwi i gruszką\n'),
(366, 'Koktajl z kiwi, morelą i bananem\n'),
(368, 'Kolorowe gryczotto z pieczonym schabem \n'),
(367, 'Komosa ryżowa na mleku migdałowym z malinami \n'),
(370, 'Komosa ryżowa z ananasem\n'),
(371, 'Komosa ryżowa z brukselką\n'),
(372, 'Komosa ryżowa z jabłkiem\n'),
(373, 'Komosa ryżowa z kiwi\n'),
(374, 'Komosa ryżowa z pomarańczą\n'),
(375, 'Kompot z suszu \n'),
(376, 'Kotleciki mielone \n'),
(377, 'Kotleciki z kalafiora z kaszą i sałatą \n'),
(378, 'Kotlet schabowy\n'),
(379, 'Kotlet schabowy z ziemniakami i surówką z czerwonej kapusty\n'),
(380, 'Kotlet z piersi indyka\n'),
(381, 'Kotlet z piersi kurczaka\n'),
(382, 'Kotlety mielone z mizerią i kaszą pęczak \n'),
(383, 'Kotlety z ciecierzycy i kolorowa sałatka\n'),
(384, 'Kotlety z kaszy gryczanej i pieczarek z surówką z kalafiora\n'),
(385, 'Kotlety z kurczaka i selera z ryżem i zieloną sałatką \n'),
(386, 'Kotlety z soczewicy\n'),
(387, 'Kotlety z soczewicy i kaszy jaglanej\n'),
(388, 'Kotlety z soczewicy i kaszy jaglanej (porcja)\n'),
(389, 'Krem czekoladowy z awokado i banana\n'),
(390, 'Krem czekoladowy z nerkowców\n'),
(391, 'Krem z buraka\n'),
(392, 'Krewetki w sosie pomidorowym na ostro\n'),
(393, 'Krewetki z sosem pomidorowym\n'),
(394, 'Krupnik z kurczakiem i kalafiorem \n'),
(395, 'Kuleczki twarogowe\n'),
(396, 'Kurczak duszony w warzywach\n'),
(397, 'Kurczak pieczony w tymianku\n'),
(398, 'Kurczak po hawajsku \n'),
(399, 'Kurczak w sosie słodko-kwaśnym\n'),
(400, 'Kurczak z sosem chili-mango\n'),
(401, 'Kurczak zapiekany z ryżem brązowym i surówką z kalafiora\n'),
(402, 'Kurczak zapiekany z ryżem i surówką z kalafiora\n'),
(403, 'Kus Kus z kalafiora z kurczakiem\n'),
(404, 'Kuskus do obiadu\n'),
(405, 'Kuskus z awokado\n'),
(406, 'Kutia jaglana\n'),
(407, 'Lasagne ze szpinakiem i serem ricotta\n'),
(408, 'Leczo z indykiem i bakłażanem\n'),
(409, 'Leczo z kurczakiem\n'),
(410, 'Lekka sałatka z kukurydzą, papryką i nasionami chia\n'),
(411, 'Lekkie kanapki z hummusem\n'),
(412, 'Lekkie pęczotto z orzechami \n'),
(413, 'Lekkostrawna kanapka z tuńczykiem\n'),
(414, 'Lemoniada\n'),
(415, 'Lniany pudding z malinami\n'),
(416, 'Lody bananowe z awokado\n'),
(417, 'Lody kokosowe z mango i kurkumą\n'),
(421, 'Łódeczki rybne \n'),
(422, 'Łódeczki z kapusty pekińskiej\n'),
(418, 'Łosoś grillowany\n'),
(419, 'Łosoś po włosku \n'),
(420, 'Łosoś w papilotach z kaszą gryczaną \n'),
(423, 'Makaron gryczany w kremowym sosie pieczarkowym curry z mlekiem kokosowym \n'),
(424, 'Makaron nitki do zupy\n'),
(425, 'Makaron penne (pełnoziarnisty) gotowany\n'),
(427, 'Makaron spaghetti z awokado i indykiem\n'),
(428, 'Makaron w kremowym sosie pieczarkowym curry \n'),
(429, 'Makaron z brokułem\n'),
(430, 'Makaron z fetą i cukinią \n'),
(431, 'Makaron z indykiem z pastą paprykowo-pomidorową\n'),
(432, 'Makaron z kurczakiem i brokułem\n'),
(433, 'Makaron z łososiem\n'),
(434, 'Makaron z łososiem i szparagami \n'),
(435, 'Makaron z łososiem i szpinakiem\n'),
(436, 'Makaron z pesto i orzechami\n'),
(437, 'Makaron z pesto i rzodkiewkami\n'),
(438, 'Makaron z pesto szpinakowym\n'),
(439, 'Makaron z serem i brokułem\n'),
(440, 'Makaron z serem i musem z malin\n'),
(441, 'Makaron z serem i pomidorami\n'),
(442, 'Makaron z tuńczykiem\n'),
(443, 'Makaron z warzywami i mozzarellą \n'),
(444, 'Makaron z wędzonym łososiem i szparagami \n'),
(445, 'Makaron ze szpinakiem i serem feta bezglutenowy\n'),
(446, 'Makaron ze szpinakiem z brokułem\n'),
(447, 'Makaronowa sałatka z kurczakiem i pesto\n'),
(448, 'Makowiec jaglany\n'),
(449, 'Makrela pieczona z koprem i mandarynką\n'),
(450, 'Makrela z warzywami\n'),
(451, 'Malinowy koktajl z płatkami\n'),
(452, 'Marchewkowe \"paluszki\" z serkiem\n'),
(453, 'Masełko z awokado\n'),
(454, 'Mazurek kokosowy z kaszą jaglaną\n'),
(455, 'Meksykańska sałatka z makaronem\n'),
(456, 'Meksykańskie naleśniki\n'),
(457, 'Migdałowe czekoladki\n'),
(458, 'Migdały i morele\n'),
(459, 'Miniomlety z brokułem i papryką\n'),
(460, 'Mintaj zapiekany z żurawiną i aromatyczny ryż \n'),
(461, 'Miseczka smoothie \n'),
(462, 'Mix jarmużowy\n'),
(463, 'Mix sałat\n'),
(464, 'Mizeria\n'),
(465, 'Mleczna jaglanka na słodko\n'),
(466, 'Mleczna ryżanka na słodko\n'),
(467, 'Mleczny napój bananowo - jagodowy\n'),
(468, 'Mleko ryżowe\n'),
(469, 'Mrożone muffinki jogurtowo - owocowe\n'),
(470, 'Muffiny jajeczne z warzywami\n'),
(471, 'Muffiny z jarmużem i komosą ryżową\n'),
(472, 'Mus z mango, truskawkami i orzechami\n'),
(473, 'Musli z suszonymi owocami i cynamonem\n'),
(474, 'Mussaka\n'),
(475, 'Mussaka z mozzarellą\n'),
(476, 'Nachosy z ciecierzycy\n'),
(477, 'Naleśniki bezglutenowe na oliwie, ze szpinakiem i serem feta\n'),
(478, 'Naleśniki gryczane z łososiem i ciecierzycą\n'),
(479, 'Naleśniki gryczane z pieczarkami\n'),
(480, 'Naleśniki z kapustą i pieczarkami\n'),
(481, 'Naleśniki z mąki gryczanej z twarożkiem i prażonymi jabłkami (składniki na 3 porcje)\n'),
(482, 'Naleśniki z serem na słodko\n'),
(483, 'Naleśniki z serkiem waniliowym\n'),
(484, 'Napój jaglany\n'),
(485, 'Nutnog\n'),
(486, 'Odchudzona sałatka warzywna\n'),
(487, 'Odchudzony eggnog\n'),
(488, 'Ogórki kiszone\n'),
(489, 'Ogórkowe kanapeczki \n'),
(490, 'Omlet \"kasztanowy\" z duszonym jabłkiem \n'),
(491, 'Omlet na słodko z owocami\n'),
(492, 'Orkiszowe pierogi z kapustą i grzybami \n'),
(493, 'Orzechowa owsianka z nektarynką na ciepło\n'),
(494, 'Orzechowe tofu z ryżem i warzywami\n'),
(495, 'Orzechowo - bananowy chia pudding\n'),
(496, 'Orzechowy makaron z brokułem\n'),
(497, 'Orzechowy twarożek ze szczypiorkiem\n'),
(498, 'Orzeźwiający sok\n'),
(499, 'Otrębowe bułeczki z mikrofali\n'),
(500, 'Owocowe naleśniki z bananowym serkiem\n'),
(502, 'Owsiane gofry\n'),
(503, 'Owsiane muffiny\n'),
(504, 'Owsiane placuszki bananowe\n'),
(505, 'Owsianka na ciepło ze śliwkami\n'),
(506, 'Owsianka piękności z zarodkami pszennymi\n'),
(507, 'Owsianka truskawkowa z rodzynkami\n'),
(508, 'Owsianka z arbuzem i orzechami laskowymi \n'),
(509, 'Owsianka z bananem i masłem orzechowym\n'),
(510, 'Owsianka z borówkami \n'),
(511, 'Owsianka z czereśniami i orzechami włoskimi \n'),
(512, 'Owsianka z daktylami\n'),
(513, 'Owsianka z granatem i orzechami włoskimi\n'),
(514, 'Owsianka z gruszką i śliwkami \n'),
(515, 'Owsianka z jabłkiem i masłem orzechowym\n'),
(516, 'Owsianka z jagodami\n'),
(517, 'Owsianka z karobem\n'),
(518, 'Owsianka z kiwi\n'),
(519, 'Owsianka z kiwi i miodem\n'),
(520, 'Owsianka z migdałami i truskawkowym musem \n'),
(521, 'Owsianka z musem z kiwi\n'),
(522, 'Owsianka z owocami i makiem\n'),
(523, 'Owsianka z pomarańczą\n'),
(524, 'Owsianka z rodzynkami\n'),
(525, 'Owsianka z truskawkami i pistacjami \n'),
(526, 'Owsianka z żurawiną\n'),
(527, 'Owsianka z żurawiną na ciepło\n'),
(528, 'Paleo brownie\n'),
(529, 'Paleo chia pudding z granatem \n'),
(530, 'Paleo chleb \n'),
(531, 'Paleo ciasto dyniowe\n'),
(532, 'Paleo fritata z brokułem\n'),
(533, 'Paleo gołąbki \n'),
(534, 'Paleo kuleczki wersja na 4 porcje\n'),
(535, 'Paleo lasagne z cukinii\n'),
(536, 'Paleo omlet z awokado\n'),
(537, 'Paleo pierniczki\n'),
(538, 'Paleo placki\n'),
(539, 'Paleo pudding dyniowy\n'),
(540, 'Paleo pulpety ziołowe\n'),
(541, 'Paleo zupa z cukinii z frytkami z batatów\n'),
(542, 'Pancakes z czekoladową polewą\n'),
(543, 'Pancakes z jabłkiem i żurawiną\n'),
(544, 'Papryka faszerowana soczewicą\n'),
(545, 'Pasek gorzkiej czekolady\n'),
(546, 'Pasta baba ghanoush\n'),
(547, 'Pasta cieciorkowo-orzechowa\n'),
(548, 'Pasta jajeczna\n'),
(549, 'Pasta oliwkowa\n'),
(550, 'Pasta tuńczykowo - ziemniaczana\n'),
(551, 'Pasta twarogowa z jajkiem\n'),
(552, 'Pasta z awokado, ciecierzycą i warzywami\n'),
(553, 'Pasta z ciecierzycy i awokado\n'),
(554, 'Pasta z cieciorki à la tuńczyk\n'),
(555, 'Pasta z czerwonej soczewicy i suszonych pomidorów\n'),
(556, 'Pasta z jajka i tuńczyka ze szczypiorkiem \n'),
(557, 'Pasta z makreli\n'),
(558, 'Pasta z siemienia lnianego\n'),
(559, 'Pasta z tuńczyka\n'),
(560, 'Pasta z wędzonego dorsza\n'),
(561, 'Pasztet rybny\n'),
(562, 'Pasztet ze słonecznika i kaszy jaglanej\n'),
(571, 'Pęczotto z indykiem i zielonym groszkiem\n'),
(563, 'Pełnoziarniste naleśniki z pieczarkami\n'),
(564, 'Pełnoziarniste naleśniki z twarogiem na słodko\n'),
(565, 'Pełnoziarniste naleśniki ze szpinakiem\n'),
(566, 'Pełnoziarniste penne po bolońsku \n'),
(567, 'Pełnoziarniste tortille\n'),
(568, 'Pełnoziarniste tosty francuskie z dżemem\n'),
(569, 'Penne pieczarkowo-sezamowe\n'),
(570, 'Perfait z ananasem i malinami\n'),
(572, 'Pieczarkowe kotleciki z batatami \n'),
(573, 'Pieczeń wieprzowa\n'),
(574, 'Pieczeń z indyka ze szpinakiem\n'),
(575, 'Pieczona dynia, bataty i pomidory\n'),
(576, 'Pieczona makrela z warzywami\n'),
(577, 'Pieczona pierś z kurczaka z brokułem \n'),
(578, 'Pieczona przekąska z cieciorki\n'),
(579, 'Pieczona ryba z dipem koperkowym \n'),
(580, 'Pieczona sola\n'),
(581, 'Pieczone cynamonowo -miodowe jabłko z migdałami\n'),
(582, 'Pieczone falafele\n'),
(583, 'Pieczone frytki\n'),
(584, 'Pieczone jabłko z żurawiną \n'),
(585, 'Pieczone pączki z bananem\n'),
(586, 'Pieczone udko z kurczaka\n'),
(587, 'Pieczone ziemniaki z pastą z ciecierzycy i awokado\n'),
(588, 'Pieczony dorsz\n'),
(589, 'Pieczony dorsz z komosą i pieczonym burakiem\n'),
(590, 'Pieczony dorsz z pomidorem\n'),
(591, 'Pieczony dorsz z warzywami\n'),
(592, 'Pieczony kurczak w marynacie miodowej\n'),
(593, 'Pieczony łosoś w czerwonym pesto\n'),
(594, 'Pieczony śledź\n'),
(595, 'Pierniczkowe muffinki \n'),
(596, 'Pierogi ruskie\n'),
(597, 'Pierogi z czerwoną soczewicą\n'),
(598, 'Pierogi ze szpinakiem i serem\n'),
(599, 'Pierś z kurczaka gotowana na parze\n'),
(600, 'Pierś z kurczaka pieczona w \"słodkim\" rękawie \n'),
(601, 'Pierś z kurczaka po hawajsku \n'),
(602, 'Pierś z kurczaka w curry\n'),
(603, 'Pierś z kurczaka w plastrach selera z surówką z kalafiora i kaszą \n'),
(604, 'Pierś z kurczaka w sezamie\n'),
(605, 'Pierś z kurczaka w sosie pomidorowym \n'),
(606, 'Pierś z kurczaka z warzywami\n'),
(607, 'Pierś z kurczaka z warzywami i ryżem\n'),
(608, 'Pierś z kurczaka zapiekana pod porami z ryżem \n'),
(609, 'Pierś z kurczaka zapiekana z mozzarellą\n'),
(610, 'Pierś z kurczaka zawijana w szynkę z puree z groszku\n'),
(611, 'Pilaw z pęczakiem i cukinią\n'),
(612, 'Pizza z patelni\n'),
(613, 'Placki cukiniowe na mące z ciecierzycy\n'),
(614, 'Placki z siemienia z pastą jajeczną\n'),
(615, 'Placuszki bananowe\n'),
(616, 'Placuszki bananowe bezmleczne\n'),
(617, 'Placuszki bananowo - kokosowe\n'),
(618, 'Placuszki na słodko bananowo-ryżowe\n'),
(619, 'Placuszki twarogowe z pesto\n'),
(620, 'Placuszki z cukinii z dipem paprykowym \n'),
(621, 'Placuszki z kaszy gryczanej\n'),
(622, 'Placuszki z kaszy jaglanej i serka wiejskiego\n'),
(623, 'Placuszki z kaszy manny\n'),
(624, 'Placuszki z maślanki\n'),
(625, 'Placuszki z tuńczyka z mizerią i kaszą \n'),
(626, 'Płatki gryczane z jogurtem i grejpfrutem\n'),
(627, 'Płatki gryczane z jogurtem na słodko\n'),
(628, 'Płatki kukurydziane na słodko\n'),
(629, 'Płatki owsiane z granatem i pomarańczą \n'),
(630, 'Płatki owsiane z gruszą i śliwką  \n'),
(631, 'Płatki z amarantusa z jogurtem na słodko z bananem i rodzynkami\n'),
(632, 'Polędwiczki z kurczaka na parze\n'),
(633, 'Pomarańcza z granatem i jogurtem\n'),
(634, 'Pomidorki koktajlowe z kiełkami\n'),
(635, 'Pomidorowy gulasz z ciecierzycą i kaszą jaglaną\n'),
(636, 'Pomidorowy twarożek\n'),
(637, 'Pomidory w sosie oliwkowo - orzechowym\n'),
(638, 'Pomidory z cebulką\n'),
(639, 'Potrawka z kurczaka z cukinią\n'),
(640, 'Pudding jaglany z duszoną gruszką \n'),
(641, 'Pudding owsiany z winogronem \n'),
(642, 'Pudding z kaszy jęczmiennej \n'),
(643, 'Pulpeciki rybne z zieloną kaszą jaglaną \n'),
(644, 'Pulpeciki z karpia\n'),
(645, 'Pulpety drobiowe\n'),
(646, 'Pulpety jaglane\n'),
(647, 'Pulpety rybne\n'),
(648, 'Pumpernikiel z mozarellą i pomidorem\n'),
(649, 'Puree z dyni\n'),
(650, 'Ratatouille\n'),
(651, 'Razowe tortille\n'),
(652, 'Risotto z pieczarkami\n'),
(653, 'Roladki z ciasta francuskiego z łososiem i szpinakiem\n'),
(654, 'Roladki z cukinii z pesto\n'),
(655, 'Roladki z cukinii z twarożkiem\n'),
(656, 'Roladki z kurczaka z pieczonymi warzywami \n'),
(657, 'Roladki ze schabu z kalafiorem i kaszą jęczmienną \n'),
(658, 'Rosół domowy na udku z kurczaka z makaronem\n'),
(659, 'Rozgrzewająca ryżanka\n'),
(660, 'Rukola z tuńczykiem\n'),
(661, 'Ryba gotowana na parze\n'),
(662, 'Ryba pieczona - sposób hiszpański\n'),
(663, 'Ryba po grecku\n'),
(664, 'Ryż biały gotowany\n'),
(665, 'Ryż brązowy gotowany\n'),
(666, 'Ryż curry z pieczarkami i indykiem\n'),
(667, 'Ryż jaśminowy z sosem truskawkowym \n'),
(668, 'Ryż na mleku z malinami \n'),
(669, 'Ryż z ciecierzycą w sosie orzechowo-cynamonowym\n'),
(670, 'Ryż z fasolą i pomidorem\n'),
(671, 'Salsa z ananasem\n'),
(672, 'Sałata\n'),
(673, 'Sałata z pomidorami w cytrynowym dressingu\n'),
(674, 'Sałatka Caprese inaczej \n'),
(675, 'Sałatka caprese z grillowanym bakłażanem\n'),
(676, 'Sałatka Caprese ze szpinakiem\n'),
(677, 'Sałatka Cesar\n'),
(678, 'Sałatka cytrusowo - orzechowa \n'),
(679, 'Sałatka grecka\n'),
(680, 'Sałatka grecka w słoiku\n'),
(681, 'Sałatka jarzynowa \n'),
(682, 'Sałatka makaronowa z brokułem i jajkiem\n'),
(683, 'Sałatka makaronowa z kurczakiem\n'),
(684, 'Sałatka makaronowa z łososiem\n'),
(685, 'Sałatka makaronowa z tuńczykiem\n'),
(686, 'Sałatka makaronowa z warzywami\n'),
(687, 'Sałatka makaronowa z winogronem i fetą\n'),
(688, 'Sałatka na rukoli z malinowym dressingiem \n'),
(689, 'Sałatka na szpinaku z pomarańczą \n'),
(690, 'Sałatka nicejska\n'),
(691, 'Sałatka nicejska z grzanką\n'),
(692, 'Sałatka owocowa\n'),
(693, 'Sałatka owocowa z ananasem\n'),
(694, 'Sałatka owocowa z komosą i granatem\n'),
(695, 'Sałatka owocowa z pomarańczy i banana\n'),
(696, 'Sałatka ryżowa z kurczakiem\n'),
(697, 'Sałatka tropikalna z ananasem\n'),
(698, 'Sałatka wiosenna\n'),
(699, 'Sałatka z arbuza i truskawek\n'),
(700, 'Sałatka z awokado i burakami \n'),
(701, 'Sałatka z awokado i jajkiem bezglutenowa\n'),
(702, 'Sałatka z awokado i jajkiem sadzonym\n'),
(703, 'Sałatka z awokado i kurczakiem\n'),
(704, 'Sałatka z awokado i pomidorami\n'),
(705, 'Sałatka z awokado i szparagami \n'),
(706, 'Sałatka z bobem \n'),
(707, 'Sałatka z brokuła\n'),
(708, 'Sałatka z brokułem\n'),
(709, 'Sałatka z brukselką i kaszą bulgur\n'),
(710, 'Sałatka z cieciorką \n'),
(711, 'Sałatka z fasolą\n'),
(712, 'Sałatka z fetą i arbuzem \n'),
(713, 'Sałatka z figami, gruszką i serem feta\n'),
(714, 'Sałatka z granatem i serem feta\n'),
(715, 'Sałatka z grillowaną brzoskwinią \n'),
(716, 'Sałatka z indykiem\n'),
(717, 'Sałatka z jajkiem\n'),
(718, 'Sałatka z jajkiem i awokado\n'),
(719, 'Sałatka z kabanosem\n'),
(720, 'Sałatka z kaszy jaglanej i warzyw\n'),
(721, 'Sałatka z kaszy pęczak \n'),
(722, 'Sałatka z komosą i fasolą\n'),
(723, 'Sałatka z kozim serem\n'),
(724, 'Sałatka z krewetkami, pomarańczą i awokado\n'),
(725, 'Sałatka z kurczakiem i dressingiem awokado\n'),
(726, 'Sałatka z kuskusem \n'),
(727, 'Sałatka z łososiem i przepiórczymi jajkami\n'),
(728, 'Sałatka z łososiem i szpinakiem\n'),
(729, 'Sałatka z makaronem i rzodkiewką \n'),
(730, 'Sałatka z mango \n'),
(731, 'Sałatka z mozzarellą\n'),
(732, 'Sałatka z orzechami laskowymi\n'),
(733, 'Sałatka z orzechami z dressingiem z awokado \n'),
(734, 'Sałatka z pieczonych ziemniaków \n'),
(735, 'Sałatka z quinoa i tymiankowym indykiem\n'),
(736, 'Sałatka z rostbefem i kaszy gryczanej \n'),
(737, 'Sałatka z roszponką\n'),
(738, 'Sałatka z selerem naciowym i ananasem\n'),
(739, 'Sałatka z tofu\n'),
(740, 'Sałatka z truskawkami i szpinakiem\n'),
(741, 'Sałatka z tuńczyka\n'),
(742, 'Sałatka z tuńczykiem i makaronem\n'),
(743, 'Sałatka z tuńczykiem i pomidorkami\n'),
(744, 'Sałatka z tuńczykiem i z ryżem\n'),
(746, 'Sałatka z tuńczykiem, ryżem i słonecznikiem\n'),
(745, 'Sałatka z winogronem \n'),
(747, 'Sałatka ze szparagami \n'),
(748, 'Sałatka ze szpinaku i pomidorów\n'),
(749, 'Sałatka ze szpinaku z łososiem\n'),
(750, 'Schab pieczony w pomarańczach z kaszą jaglaną \n'),
(751, 'Schab pieczony w winie\n'),
(752, 'Schab pieczony z zielonymi warzywami i kaszą \n'),
(753, 'Selerowe kanapeczki paleo\n'),
(754, 'Serek wiejski na słodko z granatem\n'),
(755, 'Serek wiejski z borówkami i cynamonem\n'),
(756, 'Serek wiejski z malinami i płatkami migdałów\n'),
(757, 'Serek wiejski z nasionami \n'),
(758, 'Serek wiejski z pieczarkami i papryką\n'),
(759, 'Serek wiejski z pomarańczą\n'),
(760, 'Serek wiejski z truskawkami\n'),
(761, 'Serek wiejski z warzywami i pieczywem \n'),
(762, 'Serek ze śliwkami\n'),
(763, 'Serek ziarnisty z powidłami\n'),
(764, 'Serniczek z awokado i banana\n'),
(765, 'Sezamowe grzanki z warzywami\n'),
(766, 'Siekane kotleciki z kurczaka z paprykową kaszą jaglaną \n'),
(817, 'Śledź z pestkami dyni\n'),
(814, 'Śledzie korzenne\n'),
(815, 'Śledzie pod pierzynką\n'),
(816, 'Śledzie z grzankami\n'),
(818, 'Śliwkowo-żurawinowa \"nutella\"\n'),
(767, 'Słodki czekoladowy omlet paleo\n'),
(768, 'Słodki twarożek z otrębami\n'),
(769, 'Smażona wołowina ze szpinakiem\n'),
(770, 'Smoothie bowl malinowe\n'),
(771, 'Smoothie bowl nektarynkowe\n'),
(772, 'Smoothie owocowe z mlekiem migdałowym\n'),
(773, 'Smoothie pomarańcza - mango\n'),
(774, 'Smoothie z awokado\n'),
(775, 'Smoothie z bananów\n'),
(776, 'Smoothie z burakiem\n'),
(777, 'Smoothie z karobem\n'),
(778, 'Soczewica czerwona z sosem i szparagami \n'),
(779, 'Sok - detox\n'),
(780, 'Sok \"domowy Kubuś\"\n'),
(781, 'Sok jabłko-burak-marchew\n'),
(782, 'Sok jabłko-gruszka-limonka-seler\n'),
(783, 'Sok marchewkowy z orzechami\n'),
(784, 'Sok ogórkowo-ananasowo-jabłkowy\n'),
(785, 'Sok ogórkowo-gruszkowy\n'),
(786, 'Sok wyciskany warzywno-owocowy\n'),
(787, 'Sok z orzechami\n'),
(788, 'Sorbet malinowy z miętą\n'),
(789, 'Sos bolognese\n'),
(790, 'Sos pomidorowy z tuńczykiem\n'),
(791, 'Sos z awokado\n'),
(792, 'Sos z kurczakiem i brokułem\n'),
(793, 'Spaghetti z kurczakiem\n'),
(794, 'Spaghetti z tuńczykiem\n'),
(795, 'Spring rollsy na słodko\n'),
(796, 'Spring rollsy z łososiem\n'),
(797, 'Stek z sosem rabarbarowym na sałatce ze szpinaku, buraka i malin\n'),
(798, 'Surówka z buraków\n'),
(799, 'Surówka z czerwonej kapusty\n'),
(800, 'Surówka z kapusty kiszonej\n'),
(801, 'Surówka z kapusty pekińskiej\n'),
(802, 'Surówka z selera i jabłka\n'),
(803, 'Surówka z tartej marchewki\n'),
(804, 'Sushi z wędzonym łososiem\n'),
(805, 'Suszone morele\n'),
(819, 'Świąteczna zupa z suszonych grzybów\n'),
(820, 'Świąteczne serniczki\n'),
(821, 'Świąteczny piernik z mąki jaglanej\n'),
(806, 'Szakszuka ze szpinakiem\n'),
(807, 'Szarlotka jaglana bezglutenowa\n'),
(808, 'Szaszłyki ananasowe z indykiem i warzywami\n'),
(809, 'Szaszłyki po włosku\n'),
(810, 'Szaszłyki warzywne z kurczakiem\n'),
(811, 'Szaszłyki z łososiem\n'),
(812, 'Szpinakowa sałatka na półwytrawnie\n'),
(813, 'Szpinakowy hummus\n'),
(822, 'Tabouleh\n'),
(823, 'Tarta z porami\n'),
(824, 'Tatar (befsztyk tatarski)\n'),
(825, 'Tatar z dyni\n'),
(826, 'Tofu - twarożek\n'),
(827, 'Tofucznica\n'),
(828, 'Tosty pełnoziarniste z serem mozzarella\n'),
(829, 'Tosty z mozzarellą i warzywami \n'),
(830, 'Tuńczykowy farsz do tortilli\n'),
(831, 'Twarożek z brzoskwinią \n'),
(832, 'Twarożek z jabłkiem i cynamonem\n'),
(833, 'Twarożek z karobem\n'),
(834, 'Twarożek z owocami lata \n'),
(835, 'Twarożek z papryką\n'),
(836, 'Twarożek z rzodkiewką i grzanki \n'),
(837, 'Twarożek ze szczypiorkiem \n'),
(838, 'Uszka z kapustą i grzybami\n'),
(839, 'Vege burgery z cieciorką\n'),
(840, 'Wafle ryżowe musli 3 szt\n'),
(841, 'Wafle ryżowe z \"domową nutellą\"\n'),
(842, 'Wafle ryżowe z awokado i kiełkami\n'),
(843, 'Wafle ryżowe z awokado i pomidorem\n'),
(844, 'Wafle ryżowe z dżemem i jogurtem \n'),
(845, 'Wafle ryżowe z hummusem i rzodkiewką\n'),
(846, 'Wafle ryżowe z masłem orzechowym\n'),
(847, 'Wafle ryżowe z miodem i gruszką\n'),
(848, 'Wafle ryżowe z pesto\n'),
(849, 'Wafle ryżowe z powidłami\n'),
(850, 'Waniliowy budyń jaglany z jabłkiem\n'),
(851, 'Warstwowa sałatka z makreli \n'),
(852, 'Warzywa grillowane\n'),
(853, 'Warzywa mrożone ugotowane\n'),
(854, 'Warzywa na mleczku kokosowym\n'),
(855, 'Warzywa na parze\n'),
(856, 'Warzywa na patelnię z jajkiem sadzonym\n'),
(857, 'Warzywa z kaszą gryczaną i serem feta\n'),
(858, 'Warzywne słupki\n'),
(859, 'Wątróbka drobiowa z gruszką i porem\n'),
(860, 'Wegańska jaglanka z bananem \n'),
(861, 'Wegańska kasza manna z bananem\n'),
(862, 'Wegańska sałatka orientalna z mango i tofu\n'),
(863, 'Wegański \"eggnog\"\n'),
(864, 'Wegański \"jogurt\" z malinami i otrębami\n'),
(865, 'Wegański \"twarożek\" z nerkowców\n'),
(866, 'Wegański koktajl jabłko-kiwi\n'),
(867, 'Wegański pasztet jaglany\n'),
(868, 'Wegański pasztet z czerwonej soczewicy\n'),
(869, 'Wegański sos kalafiorowy\n'),
(870, 'Wegańskie bezglutenowe racuchy z jabłkami\n'),
(871, 'Wegańskie brownie z fasoli\n'),
(872, 'Wegańskie lody bananowo-truskawkowe\n'),
(873, 'Wegańskie pancakes (małe)\n'),
(874, 'Wegańskie pancakes z kiwi\n'),
(875, 'Wegańskie pęczotto\n'),
(876, 'Wegańskie spaghetti ragu\n'),
(877, 'Wegańskie wrapy\n'),
(878, 'Wegańskie wrapy z kalafiorem i hummusem\n'),
(879, 'Wege gołąbki bez zawijania\n'),
(880, 'Wege gulasz z kiszoną kapustą\n'),
(881, 'Wege krokiety z soczewicą\n'),
(882, 'Wegetariański bulion z warzywami\n'),
(883, 'Wegetariański gulasz z soczewicy\n'),
(884, 'Wegetariańskie biryani\n'),
(885, 'Wegetariańskie leczo\n'),
(886, 'Wegetariańskie spaghetti pomidorowe z tofu\n'),
(887, 'Wielkanocny barszcz biały\n'),
(888, 'Wigilijny barszczyk \n'),
(889, 'Wigilijny groch z kapustą \n'),
(890, 'Winogrona\n'),
(891, 'Wiosenny obiad \n'),
(892, 'Wiosenny omlet z tzatzikami \n'),
(893, 'Włoszczyzna świeża\n'),
(894, 'Wołowina w czerwonym winie\n'),
(895, 'Wołowina w orientalnej marynacie\n'),
(896, 'Wołowina w orientalnej marynacie z makaronem\n'),
(897, 'Wrap z omleta z pieczarkami\n'),
(898, 'Wrap z sałaty i szynki\n'),
(899, 'Wrapy z sałaty z indykiem\n'),
(900, 'Wytrawna owsianka z jajkiem i warzywami\n'),
(901, 'Wytrawne kulki mocy\n'),
(902, 'Wytrawne muffiny jaglane\n'),
(903, 'Wytrawne placuszki kukurydziane z serkiem wiosennym\n'),
(904, 'Zakwas na barszcz biały\n'),
(905, 'Zapiekana cielęcina z brokułem i migdałami \n'),
(906, 'Zapiekana cielęcina z migdałową posypką \n'),
(907, 'Zapiekana jaglanka z musem \n'),
(908, 'Zapiekana kaszka manna\n'),
(909, 'Zapiekana owsianka\n'),
(910, 'Zapiekana owsianka z truskawkami \n'),
(911, 'Zapiekane bataty, buraki i ziemniaki z dipem czosnkowym \n'),
(912, 'Zapiekane plastry batatów\n'),
(913, 'Zapiekanka dyniowa z penne\n'),
(914, 'Zapiekanka dyniowa z serkiem i koperkiem\n'),
(915, 'Zapiekanka dyniowa z szynką (wersja bezglutenowa)\n'),
(916, 'Zapiekanka makaronowa z fasolką szparagową\n'),
(917, 'Zapiekanka makaronowa z indykiem\n'),
(918, 'Zapiekanka warzywna z kurczakiem\n'),
(919, 'Zapiekanka z komosą ryżową\n'),
(920, 'Zapiekanka z komosą ryżową na słodko\n'),
(921, 'Zapiekanka z zielonymi warzywami\n'),
(922, 'Zapiekanka ziemniaczana z brokułem i fetą\n'),
(923, 'Zapiekanka ziemniaczano-warzywna\n'),
(924, 'Zapiekanki z pieczarkami (bezglutenowe)\n'),
(925, 'Zapiekany bakłażan z pomidorkami i mozzarellą\n'),
(926, 'Zapiekany serek wiejski \n'),
(927, 'Zielona sałatka z komosy ryżowej \n'),
(928, 'Zielona zapiekanka \n'),
(929, 'Zielone omleciki z cebulką i letnim dipem \n'),
(930, 'Zielone smoothie z ananasem\n'),
(931, 'Zielone smoothie z bananem\n'),
(932, 'Zielony koktajl imbirowy\n'),
(933, 'Zielony omlet paleo\n'),
(934, 'Zielony sok z gruszką\n'),
(935, 'Zielony twarożek z grahamką \n'),
(936, 'Ziemniaczana sałatka ze szpinakiem i burakiem\n'),
(937, 'Ziemniaczane bułeczki na słodko\n'),
(938, 'Ziemniaki gotowane\n'),
(939, 'Ziemniaki ugotowane tłuczone\n'),
(940, 'Ziemniaki z koperkiem\n'),
(941, 'Ziemniaki z pieca\n'),
(973, 'Żółte orzeźwiające smoothie\n'),
(942, 'Zupa bezmleczny krem z ciecierzycy\n'),
(943, 'Zupa cebulowa z grzankami serowymi\n'),
(944, 'Zupa chrzanowa z topinamburem\n'),
(945, 'Zupa cukiniowa z pieczarkami i soczewicą\n'),
(946, 'Zupa fasolowa\n'),
(947, 'Zupa grochowa\n'),
(948, 'Zupa hiszpańska z ciecierzycą\n'),
(949, 'Zupa jarzynowa\n'),
(950, 'Zupa kalafiorowa\n'),
(951, 'Zupa krem szpinakowa z fetą\n'),
(952, 'Zupa krem z brokuła\n'),
(953, 'Zupa krem z brokuła wegańska, bezglutenowa\n'),
(954, 'Zupa krem z dyni i marchwi \n'),
(955, 'Zupa krem z dyni wegańska\n'),
(956, 'Zupa krem z dyni z indykiem\n'),
(957, 'Zupa krem z marchewki\n'),
(958, 'Zupa krem z pieczarek\n'),
(959, 'Zupa krem z porów\n'),
(960, 'Zupa krem z zielonego groszku z mleczkiem kokosowym\n'),
(961, 'Zupa krem z zielonych warzyw z bazyliowymi pulpetami \n'),
(962, 'Zupa meksykańska z pulpetami\n'),
(963, 'Zupa Minestrone\n'),
(964, 'Zupa ogórkowa\n'),
(965, 'Zupa pieczarkowa\n'),
(966, 'Zupa pomidorowa czysta\n'),
(967, 'Zupa pomidorowa z makaronem\n'),
(968, 'Zupa pomidorowa z ryżem\n'),
(969, 'Zupa szczawiowa\n'),
(970, 'Zupa z fasolką szparagową\n'),
(971, 'Zupa z pęczakiem i zielonym groszkiem\n'),
(972, 'Zupa ziemniaczana z łososiem\n');

-- --------------------------------------------------------

--
-- Table structure for table `produkty`
--

CREATE TABLE `produkty` (
  `id_produktu` int(10) NOT NULL,
  `nazwa` varchar(30) COLLATE utf8_unicode_ci NOT NULL,
  `bialko_w_100g` int(10) NOT NULL,
  `tluszcze_w_100g` int(10) NOT NULL,
  `wegle_w_100g` int(10) NOT NULL
) ENGINE=InnoDB DEFAULT CHARSET=utf8 COLLATE=utf8_unicode_ci;

--
-- Dumping data for table `produkty`
--

INSERT INTO `produkty` (`id_produktu`, `nazwa`, `bialko_w_100g`, `tluszcze_w_100g`, `wegle_w_100g`) VALUES
(11702, '312', 32, 32, 32),
(11703, '999', 90, 90, 90),
(6407, 'Agar (suszony)', 7, 0, 73),
(6288, 'Algi nori (arkusze)', 30, 2, 0),
(109, 'Amarantus, ziarno', 16, 7, 59),
(127, 'Ananas', 0, 0, 12),
(4400, 'Ananas, plastry w syropie', 0, 0, 20),
(9513, 'Anyż (mielony)', 20, 15, 35),
(189, 'Arbuz', 1, 0, 8),
(56, 'Awokado', 2, 15, 4),
(93, 'Bakłażan', 1, 0, 4),
(89, 'Banan', 1, 0, 22),
(207, 'Banany, suszone', 4, 1, 82),
(245, 'Bataty', 2, 0, 17),
(165, 'Bazylia (suszona)', 23, 5, 20),
(576, 'Bazylia (świeża)', 3, 0, 0),
(8997, 'Białko jaja kurzego', 11, 0, 1),
(945, 'Bób', 7, 0, 8),
(730, 'Boćwina', 2, 1, 1),
(659, 'Borówki amerykańskie', 1, 0, 12),
(535, 'Brokuły', 3, 0, 3),
(4778, 'Brokuły, gotowane w wodzie', 2, 0, 2),
(1363, 'Brokuły, mrożone', 3, 0, 2),
(4038, 'Brukselka', 5, 1, 3),
(583, 'Brzoskwinia', 1, 0, 10),
(621, 'Budyń w proszku', 0, 0, 90),
(2005, 'Bulion drobiowy (domowy)', 3, 1, 4),
(729, 'Bulion warzywny (domowy)', 0, 0, 1),
(789, 'Bułka tarta', 10, 2, 72),
(2197, 'Bułki grahamki', 9, 2, 49),
(2588, 'Bułki mleczne', 9, 5, 58),
(626, 'Bułki pszenne zwykłe', 8, 2, 56),
(637, 'Burak', 2, 0, 7),
(41, 'Cebula', 1, 0, 5),
(794, 'Cebula (suszona)', 10, 0, 73),
(3833, 'Cebula czerwona', 1, 0, 5),
(1438, 'Cebula dymka', 2, 0, 5),
(1219, 'Chleb graham', 8, 2, 42),
(2357, 'Chleb pełnoziarnisty z żyta', 7, 2, 45),
(4646, 'Chleb pszenny', 9, 1, 52),
(3119, 'Chleb wiejski', 7, 1, 51),
(572, 'Chleb żytni razowy', 6, 2, 43),
(2648, 'Chlebek chrupki (bezglutenowy)', 8, 1, 83),
(11082, 'Chrzan', 5, 1, 11),
(1969, 'Chrzan tarty', 0, 5, 15),
(7521, 'Ciasto francuskie (mrożone)', 7, 38, 44),
(1723, 'Ciecierzyca', 21, 6, 43),
(9488, 'Ciecierzyca (ugotowana)', 9, 3, 20),
(272, 'Ciecierzyca (w zalewie)', 7, 3, 16),
(40, 'Cielęcina, łopatka', 20, 3, 0),
(464, 'Cukier', 0, 0, 100),
(5076, 'Cukier brązowy', 0, 0, 98),
(6671, 'Cukier puder', 0, 0, 100),
(6674, 'Cukier trzcinowy', 0, 0, 100),
(1681, 'Cukier wanilinowy', 0, 0, 98),
(1, 'Cukinia', 1, 0, 2),
(913, 'Curry', 15, 15, 25),
(200, 'Cynamon', 4, 2, 28),
(1290, 'Cytryna', 1, 0, 8),
(2830, 'Cząber', 10, 10, 20),
(506, 'Czarne jagody', 1, 1, 9),
(7190, 'Czarne jagody, mrożone', 1, 1, 9),
(9384, 'Czarnuszka', 16, 14, 12),
(5071, 'Czekolada deserowa', 5, 29, 63),
(274, 'Czekolada gorzka', 7, 34, 55),
(5784, 'Czereśnie', 1, 0, 13),
(6, 'Czosnek', 6, 0, 28),
(912, 'Czosnek granulowany', 15, 0, 65),
(1063, 'Daktyle (świeże)', 2, 0, 68),
(315, 'Daktyle, suszone', 2, 0, 65),
(7438, 'Dorsz, świeży', 18, 1, 0),
(6362, 'Dorsz, wędzony', 22, 1, 0),
(462, 'Drożdże piekarskie, prasowane', 11, 2, 7),
(417, 'Dynia', 1, 0, 5),
(1655, 'Dynia (puree)', 1, 0, 5),
(122, 'Dynia, pestki, łuskane', 25, 46, 13),
(2108, 'Dżem jagodowy, niskosłodzony', 0, 0, 37),
(3802, 'Ekspandowane ziarno amarantusa', 17, 8, 60),
(273, 'Erytrol / Erytrytol', 0, 0, 0),
(11102, 'Estragon (suszony)', 23, 7, 43),
(788, 'Fasola biała (konserwowa)', 7, 0, 16),
(1822, 'Fasola biała, nasiona suche', 21, 2, 46),
(537, 'Fasola czarna (konserwowa)', 6, 0, 10),
(1407, 'Fasola szparagowa', 2, 0, 5),
(1845, 'Fasolka szparagowa, mrożona', 2, 0, 5),
(2120, 'Figi świeże', 1, 0, 16),
(1901, 'Figi, suszone', 4, 1, 65),
(1216, 'Filet z kurczaka (wędzony)', 22, 2, 0),
(2084, 'Galaretka owocowa (w proszku)', 8, 0, 91),
(884, 'Gorczyca', 26, 36, 16),
(5963, 'Goździki (mielone)', 10, 10, 30),
(665, 'Granat', 2, 1, 15),
(2231, 'Grejpfrut', 1, 0, 8),
(3580, 'Groch, nasiona suche', 24, 1, 45),
(8481, 'Groszek cukrowy (strączkowy)', 3, 0, 5),
(2048, 'Groszek zielony', 7, 1, 11),
(1365, 'Groszek zielony, mrożony', 6, 0, 11),
(1129, 'Gruszka', 1, 0, 12),
(1220, 'Grzyby suszone', 9, 1, 73),
(2417, 'Halibut biały, świeży', 20, 2, 0),
(220, 'Herbatniki', 8, 11, 76),
(1640, 'Hummus klasyczny', 6, 28, 10),
(2198, 'Hummus z suszonymi pomidorami', 6, 29, 10),
(886, 'Imbir', 2, 0, 16),
(424, 'Imbir mielony', 10, 0, 60),
(2505, 'Jabłka, suszone', 2, 2, 52),
(295, 'Jabłko', 0, 0, 10),
(301, 'Jagody goji (suszone)', 14, 1, 64),
(2715, 'Jaja kurze (gotowane)', 13, 11, 1),
(297, 'Jaja kurze całe', 13, 10, 1),
(8528, 'Jaja przepiórcze', 13, 11, 0),
(1728, 'Jarmuż', 3, 1, 2),
(5562, 'Jeżyny', 1, 1, 4),
(2422, 'Jogurt grecki', 4, 8, 5),
(258, 'Jogurt naturalny', 4, 3, 5),
(4199, 'Jogurt naturalny (0% tł.)', 5, 0, 7),
(745, 'Jogurt naturalny (1,5% tł.)', 5, 2, 7),
(119, 'Jogurt naturalny, 2% tłuszczu', 4, 2, 6),
(2937, 'Jogurt sojowy naturalny', 3, 2, 1),
(8394, 'Kabanosy z kurczaka', 23, 17, 0),
(8898, 'Kajzerki', 8, 4, 57),
(3031, 'Kajzerki bezglutenowe', 3, 3, 50),
(543, 'Kakao (proszek 11%)', 20, 10, 11),
(278, 'Kakao 16%, proszek', 18, 22, 45),
(37, 'Kalafior', 2, 0, 3),
(3285, 'Kalafior, mrożony', 2, 0, 2),
(2758, 'Kapary', 2, 1, 2),
(1085, 'Kapusta biała', 2, 0, 5),
(4131, 'Kapusta czerwona', 2, 0, 4),
(1215, 'Kapusta kwaszona', 1, 0, 1),
(3727, 'Kapusta pekińska', 1, 0, 1),
(2162, 'Kapusta włoska', 3, 0, 5),
(10259, 'Kapusta, kiszona', 1, 0, 1),
(280, 'Kardamon', 10, 5, 40),
(3604, 'Karp, świeży', 18, 4, 0),
(3649, 'Kasza bulgur', 12, 1, 58),
(440, 'Kasza gryczana', 13, 3, 63),
(159, 'Kasza jaglana', 10, 3, 68),
(480, 'Kasza jaglana, gotowana', 3, 1, 22),
(855, 'Kasza jęczmienna, pęczak', 8, 2, 70),
(948, 'Kasza jęczmienna, perłowa', 7, 2, 69),
(507, 'Kasza kukurydziana', 9, 1, 80),
(1473, 'Kasza manna', 9, 1, 74),
(4263, 'Kawa, napar bez cukru', 0, 0, 0),
(3771, 'Keczup', 2, 1, 19),
(363, 'Kefir (1.5% tł.)', 3, 2, 5),
(6013, 'Kiełbasa krakowska, sucha', 29, 22, 0),
(1824, 'Kiełbasa podwawelska', 19, 13, 1),
(600, 'Kiełki brokuła', 5, 0, 3),
(382, 'Kiełki lucerny', 4, 1, 0),
(764, 'Kiełki rzodkiewki', 4, 3, 2),
(403, 'Kiwi', 1, 1, 12),
(887, 'Kmin rzymski (kumin)', 17, 23, 33),
(1832, 'Kminek mielony', 20, 10, 10),
(8244, 'Kolendra (suszone liście)', 23, 5, 40),
(883, 'Kolendra (świeża)', 2, 0, 4),
(888, 'Kolendra (ziarna)', 10, 20, 15),
(596, 'Komosa ryżowa (Quinoa), ziarna', 14, 5, 58),
(161, 'Koncentrat pomidorowy, 30%', 6, 2, 14),
(2170, 'Koper (w pęczkach)', 4, 2, 2),
(5, 'Koper ogrodowy', 3, 0, 3),
(736, 'Kostka rosołowa warzywna', 1, 1, 1),
(4301, 'Krewetki tygrysie', 22, 0, 1),
(99, 'Ksylitol', 0, 0, 60),
(4015, 'Kukurydza (świeża)', 3, 1, 20),
(595, 'Kukurydza, konserwowa', 3, 1, 20),
(1981, 'Kukurydza, mrożona', 4, 1, 19),
(63, 'Kurkuma', 10, 0, 40),
(4516, 'Kuskus', 13, 1, 72),
(8509, 'Kuskus razowy', 13, 2, 62),
(304, 'Len, nasiona', 25, 31, 17),
(879, 'Limonka', 1, 0, 8),
(499, 'Liść laurowy', 10, 10, 50),
(7946, 'Łosoś (z rusztu z przyprawami)', 21, 22, 1),
(4692, 'Łosoś, świeży', 20, 14, 0),
(2323, 'Łosoś, wędzony', 22, 8, 0),
(1223, 'Majeranek', 13, 8, 20),
(4534, 'Mak niebieski', 20, 43, 4),
(460, 'Mąka gryczana', 13, 3, 69),
(405, 'Mąka jaglana', 11, 4, 73),
(5554, 'Mąka kasztanowa', 6, 4, 78),
(810, 'Mąka kokosowa (odtłuszczona)', 18, 12, 21),
(2109, 'Mąka kukurydziana', 6, 3, 71),
(134, 'Mąka migdałowa', 21, 50, 9),
(2405, 'Mąka orkiszowa', 14, 2, 59),
(1931, 'Mąka owsiana (pełnoziarnista)', 12, 7, 62),
(6668, 'Mąka pszenna, typ 1850', 12, 2, 59),
(515, 'Mąka pszenna, typ 500', 10, 1, 72),
(6421, 'Mąka pszenna, typ 750', 12, 2, 68),
(276, 'Mąka ryżowa', 7, 1, 77),
(457, 'Mąka z amarantusa', 16, 7, 60),
(1757, 'Mąka z ciecierzycy', 22, 7, 47),
(6422, 'Mąka żytnia, typ 1400', 7, 2, 64),
(10724, 'Makaron bezglutenowy (kolanka)', 4, 2, 78),
(4935, 'Makaron bezjajeczny', 11, 2, 75),
(4999, 'Makaron bezjajeczny z semoliny', 11, 1, 76),
(7587, 'Makaron dwujajeczny', 12, 3, 74),
(4757, 'Makaron gryczany', 7, 1, 77),
(4557, 'Makaron lasagne', 11, 2, 71),
(1692, 'Makaron penne (pełnoziarnisty)', 15, 3, 60),
(10019, 'Makaron ryżowy', 7, 1, 76),
(4798, 'Makaron spaghetti', 13, 2, 72),
(4942, 'Makaron spaghetti bezglutenowy', 6, 1, 79),
(5086, 'Makrela, świeża', 19, 12, 0),
(1809, 'Makrela, wędzona', 21, 16, 0),
(113, 'Maliny', 1, 0, 5),
(1054, 'Maliny, mrożone', 1, 0, 5),
(5088, 'Mandarynki', 1, 0, 9),
(239, 'Mango', 1, 0, 15),
(296, 'Marchew', 1, 0, 5),
(1963, 'Marchew z groszkiem, mrożona', 3, 0, 6),
(7189, 'Maślanka (1.5% tł.)', 4, 2, 5),
(397, 'Masło ekstra', 0, 85, 0),
(949, 'Masło klarowane', 0, 100, 0),
(5176, 'Masło migdałowe prażone', 21, 56, 9),
(136, 'Masło orzechowe', 22, 51, 11),
(2948, 'Mielona gałka muszkatołowa', 5, 35, 30),
(385, 'Mielona papryka chili', 10, 10, 10),
(425, 'Mielona słodka papryka', 10, 10, 20),
(3143, 'Mięso z ud kurczaka, bez skóry', 18, 6, 0),
(6760, 'Mięso z ud kurczaka, ze skórą', 17, 10, 0),
(2427, 'Mięta (świeża)', 0, 0, 0),
(150, 'Migdały', 20, 52, 7),
(192, 'Migdały w płatkach', 21, 53, 9),
(1189, 'Mintaj, świeży', 17, 1, 0),
(348, 'Miód pszczeli', 0, 0, 80),
(672, 'Mleczko kokosowe (12%)', 1, 12, 2),
(271, 'Mleczko kokosowe (21%)', 2, 21, 3),
(147, 'Mleko kokosowe bez cukru', 0, 4, 2),
(4005, 'Mleko migdałowe naturalne bio', 1, 2, 2),
(227, 'Mleko ryżowe naturalne bio', 0, 1, 10),
(130, 'Mleko sojowe naturalne bio', 3, 2, 2),
(87, 'Mleko spożywcze, 2% tłuszczu', 3, 2, 5),
(3985, 'Mleko UHT, 1,5% tłuszczu', 3, 2, 5),
(111, 'Morele', 1, 0, 10),
(316, 'Morele, suszone', 5, 1, 62),
(2939, 'Musli z owocami suszonymi', 9, 3, 64),
(1983, 'Musztarda', 6, 6, 20),
(201, 'Nasiona chia', 16, 30, 8),
(2289, 'Nektarynka', 1, 0, 11),
(7586, 'Noga (udo) kurczaka', 17, 10, 0),
(1982, 'Ocet', 0, 0, 0),
(1424, 'Ocet balsamiczny', 0, 0, 17),
(9361, 'Ocet ryżowy', 0, 0, 4),
(1097, 'Ocet winny', 0, 0, 0),
(3973, 'Odżywka białkowa - kazeina', 76, 2, 10),
(330, 'Odżywka białkowa (WPC)', 46, 17, 6),
(630, 'Ogórek', 1, 0, 2),
(1265, 'Ogórek kwaszony', 1, 0, 1),
(1726, 'Ogórek zielony (długi)', 1, 0, 2),
(6338, 'Ogórki, kiszone', 0, 0, 1),
(9673, 'Ogórki, konserwowe', 0, 0, 5),
(544, 'Olej kokosowy (płynny)', 0, 100, 0),
(208, 'Olej kokosowy (stały)', 0, 99, 0),
(7826, 'Olej lniany', 0, 100, 0),
(383, 'Olej lniany tłoczony na zimno', 0, 100, 0),
(2059, 'Olej rzepakowo-sojowy', 0, 100, 0),
(97, 'Olej rzepakowy', 0, 100, 0),
(4445, 'Olej sezamowy', 0, 100, 0),
(9850, 'Olej słonecznikowy', 0, 100, 0),
(4, 'Oliwa z oliwek', 0, 99, 0),
(1486, 'Oliwki czarne', 1, 11, 3),
(163, 'Oregano (suszone)', 8, 5, 27),
(199, 'Orzechy laskowe', 15, 63, 6),
(1055, 'Orzechy nerkowca (bez soli)', 18, 44, 30),
(927, 'Orzechy pistacjowe', 20, 49, 19),
(149, 'Orzechy włoskie', 16, 60, 11),
(722, 'Otręby gryczane', 12, 3, 63),
(302, 'Otręby owsiane', 17, 7, 56),
(2867, 'Otręby pszenne', 15, 5, 20),
(332, 'Otręby żytnie', 15, 4, 26),
(9243, 'Papier ryżowy', 6, 0, 75),
(98, 'Papryczka ostra (chili)', 2, 0, 7),
(38, 'Papryka czerwona', 1, 1, 5),
(1527, 'Papryka zielona', 1, 0, 3),
(4580, 'Papryka żółta', 1, 0, 5),
(1217, 'Passata pomidorowa (przecier)', 2, 0, 7),
(3342, 'Pasztet z kurczaka pieczony', 14, 14, 7),
(1759, 'Pesto czerwone z pomidorów', 4, 38, 4),
(16, 'Pesto zielone (wegańskie)', 6, 53, 5),
(51, 'Pesto zielone z bazylii', 4, 37, 6),
(39, 'Pieczarka uprawna, świeża', 3, 0, 1),
(9713, 'Pieczywo tostowe, grahamowe', 8, 4, 51),
(11608, 'Pieprz biały', 10, 0, 40),
(62, 'Pieprz czarny mielony', 10, 0, 40),
(1068, 'Pietruszka, korzeń', 3, 0, 6),
(856, 'Pietruszka, liście', 5, 1, 5),
(790, 'Płatki drożdżowe', 28, 6, 32),
(2273, 'Płatki gryczane', 12, 3, 69),
(7224, 'Płatki gryczane (bio)', 9, 2, 71),
(420, 'Płatki jaglane', 8, 3, 81),
(5110, 'Płatki jęczmienne', 10, 3, 70),
(7237, 'Płatki kukurydziane', 7, 2, 77),
(132, 'Płatki owsiane', 12, 7, 62),
(5823, 'Płatki owsiane bezglutenowe', 10, 7, 61),
(7264, 'Płatki z ziaren amarantusa', 16, 7, 52),
(2898, 'Polędwica sopocka', 21, 4, 1),
(2472, 'Polędwiczka z indyka (surowa)', 19, 1, 0),
(361, 'Pomarańcza', 1, 0, 9),
(57, 'Pomidor', 1, 0, 3),
(2, 'Pomidory koktajlowe', 1, 0, 3),
(177, 'Pomidory z puszki (krojone)', 1, 0, 3),
(1066, 'Por', 2, 0, 3),
(3920, 'Porzeczki czarne', 1, 0, 7),
(5564, 'Porzeczki czerwone', 1, 0, 6),
(482, 'Powidła śliwkowe', 1, 0, 51),
(546, 'Proszek do pieczenia', 0, 0, 27),
(6406, 'Przyprawa \"Jarzynka\"', 2, 0, 20),
(3286, 'Pumpernikiel', 6, 2, 49),
(9271, 'Rabarbar', 1, 0, 1),
(121, 'Rodzynki, suszone', 2, 0, 65),
(4177, 'Roszponka', 2, 1, 2),
(1619, 'Rozmaryn', 0, 20, 20),
(597, 'Rukola', 3, 1, 2),
(241, 'Ryż biały', 7, 1, 76),
(198, 'Ryż brązowy', 7, 2, 68),
(6940, 'Ryż jaśminowy', 7, 1, 79),
(2772, 'Rzeżucha ogrodowa (świeża)', 3, 1, 4),
(3, 'Rzodkiewka', 1, 0, 2),
(396, 'Sałata', 1, 0, 2),
(1270, 'Sałata lodowa', 1, 0, 2),
(5238, 'Sałata rzymska', 1, 0, 1),
(2756, 'Sardynka w oleju', 24, 14, 0),
(1379, 'Seler korzeniowy', 2, 0, 3),
(777, 'Seler naciowy', 1, 0, 2),
(625, 'Ser twarogowy chudy', 20, 1, 4),
(216, 'Ser twarogowy półtłusty', 19, 5, 4),
(763, 'Ser typu \"Feta\"', 17, 16, 1),
(2995, 'Ser, camembert pełnotłusty', 21, 23, 0),
(1591, 'Ser, cheddar pełnotłusty', 27, 32, 0),
(394, 'Ser, edamski tłusty', 26, 23, 0),
(11067, 'Ser, ementaler pełnotłusty', 29, 30, 0),
(2372, 'Ser, gorgonzola', 21, 29, 2),
(3388, 'Ser, gouda tłusty', 28, 23, 0),
(748, 'Ser, kozi (miękki)', 19, 21, 0),
(2347, 'Ser, kozi (twardy)', 31, 36, 2),
(160, 'Ser, mozzarella', 24, 16, 4),
(9435, 'Ser, mozzarella (kulki)', 22, 22, 4),
(950, 'Ser, parmezan', 42, 32, 0),
(4555, 'Ser, ricotta (z pełnego mleka)', 11, 13, 3),
(631, 'Serek śmietankowy', 3, 19, 3),
(3412, 'Serek termizowany, pieczarkowy', 16, 4, 3),
(3430, 'Serek twarogowy, ziarnisty', 12, 4, 3),
(1162, 'Serek wiejski (light)', 12, 1, 2),
(1112, 'Serek wiejski (naturalny)', 11, 4, 2),
(114, 'Sezam, nasiona', 23, 60, 2),
(2864, 'Siemię lniane (świeżo mielone)', 18, 42, 2),
(953, 'Skórka z cytryny (starta)', 0, 0, 7),
(1908, 'Skórka z pomarańczy', 2, 0, 14),
(10243, 'Skrobia kukurydziana', 0, 0, 87),
(459, 'Skrobia ziemniaczana', 1, 0, 84),
(9500, 'Śledź w oleju', 16, 27, 0),
(1977, 'Śledź, filety solone', 20, 15, 0),
(9529, 'Śledź, solony', 20, 15, 0),
(6784, 'Śledź, świeży', 16, 11, 0),
(3801, 'Śliwki', 1, 0, 10),
(317, 'Śliwki bez pestek, suszone', 4, 1, 60),
(277, 'Słonecznik, nasiona, łuskane', 24, 44, 19),
(11506, 'Śmietana 10%', 3, 11, 4),
(2404, 'Śmietana, 12% tłuszczu', 3, 12, 4),
(11602, 'Śmietana, 18% tłuszczu', 3, 18, 4),
(6154, 'Soczewica czerwona (ugotowana)', 9, 0, 12),
(10284, 'Soczewica zielona', 25, 1, 61),
(10234, 'Soczewica zielona (ugotowana)', 9, 0, 12),
(137, 'Soda oczyszczona', 0, 0, 0),
(3231, 'Soja, nasiona suche', 34, 20, 17),
(2492, 'Sok ananasowy', 0, 0, 11),
(60, 'Sok cytrynowy', 0, 0, 7),
(2498, 'Sok jabłkowy', 0, 0, 10),
(9152, 'Sok marchwiowo-brzoskwiniowy', 1, 0, 10),
(362, 'Sok marchwiowy', 0, 0, 10),
(1905, 'Sok pomarańczowy', 1, 0, 10),
(2502, 'Sok pomarańczowy (świeży)', 1, 0, 10),
(6932, 'Sok pomidorowy', 1, 0, 3),
(4286, 'Sok z limonki', 0, 0, 8),
(100, 'Sól biała', 0, 0, 0),
(9704, 'Sól czarna kala namak', 0, 0, 0),
(64, 'Sól himalajska', 0, 0, 0),
(1197, 'Sól morska', 0, 0, 0),
(6620, 'Sola, świeża', 18, 1, 0),
(6287, 'Sos rybny', 5, 0, 4),
(599, 'Sos sojowy ciemny', 8, 1, 7),
(880, 'Sos sojowy jasny', 8, 1, 27),
(1485, 'Suszone pomidory', 14, 3, 44),
(209, 'Syrop klonowy', 0, 0, 67),
(878, 'Szalotka', 3, 0, 14),
(3817, 'Szampan', 0, 0, 1),
(11598, 'Szczaw', 1, 1, 2),
(422, 'Szczypiorek', 4, 1, 2),
(2236, 'Szparagi', 2, 0, 2),
(247, 'Szpinak', 3, 0, 1),
(4633, 'Szpinak, mrożony', 2, 0, 1),
(9716, 'Szynka wieprzowa, gotowana', 19, 4, 1),
(2726, 'Szynka z indyka', 17, 2, 0),
(2716, 'Szynka z piersi kurczaka', 21, 1, 0),
(2149, 'Tahini', 17, 53, 12),
(590, 'Tofu wędzone', 13, 8, 2),
(10218, 'Tortilla pełnoziarnista', 10, 10, 46),
(364, 'Truskawki', 1, 0, 6),
(88, 'Truskawki, mrożone', 1, 0, 6),
(7957, 'Tuńczyk w oleju', 27, 9, 0),
(1895, 'Tuńczyk w sosie własnym', 21, 1, 0),
(261, 'Tymianek', 10, 5, 25),
(8934, 'Wafle ryżowe musli', 8, 5, 80),
(10841, 'Warzywa na patelnię chińskie', 2, 1, 5),
(11375, 'Warzywa na patelnię włoskie', 2, 0, 6),
(9992, 'Wątróbka kurczaka', 19, 6, 1),
(11126, 'Wieprzowina, boczek bez kości', 17, 29, 0),
(9110, 'Wieprzowina, łopatka', 21, 9, 0),
(6544, 'Wieprzowina, szynka surowa', 21, 5, 0),
(11156, 'Wieprzowina, żeberka', 19, 22, 0),
(946, 'Wino białe, półwytrawne', 0, 0, 4),
(8850, 'Wino czerwone', 0, 0, 0),
(925, 'Winogrona', 1, 0, 16),
(135, 'Wiórki kokosowe', 6, 63, 6),
(558, 'Wiśnie bez pestek, mrożone', 1, 0, 10),
(1002, 'Woda', 0, 0, 0),
(246, 'Woda mineralna niegazowana', 0, 0, 0),
(25, 'Wołowina, polędwica', 20, 4, 0),
(8658, 'Wołowina, rostbef', 22, 7, 0),
(1694, 'Zarodki pszenne', 28, 10, 32),
(6074, 'Żelatyna', 84, 0, 0),
(498, 'Ziele angielskie', 6, 9, 51),
(731, 'Ziemniaki', 2, 0, 17),
(4130, 'Ziemniaki, gotowane w wodzie', 2, 0, 15),
(2081, 'Ziemniaki, późne', 2, 0, 19),
(10416, 'Ziemniaki, wczesne', 2, 0, 15),
(781, 'Zioła prowansalskie', 0, 0, 0),
(1921, 'Żółtko jaja kurzego', 16, 28, 0),
(148, 'Żurawina suszona', 0, 1, 77);

-- --------------------------------------------------------

--
-- Table structure for table `tygodniowe_diety`
--

CREATE TABLE `tygodniowe_diety` (
  `Login` varchar(20) COLLATE utf8_unicode_ci NOT NULL,
  `id_diety` int(10) NOT NULL,
  `dzien_tygodnia` int(10) NOT NULL
) ENGINE=InnoDB DEFAULT CHARSET=utf8 COLLATE=utf8_unicode_ci;

--
-- Dumping data for table `tygodniowe_diety`
--

INSERT INTO `tygodniowe_diety` (`Login`, `id_diety`, `dzien_tygodnia`) VALUES
('Andre', 137, 1),
('Andre', 139, 2),
('Andre', 141, 3),
('Andre', 143, 4),
('Andre', 145, 5),
('Andre', 147, 6),
('Andre', 149, 7),
('Diver', 629, 1),
('Diver', 631, 2),
('Diver', 633, 3),
('Diver', 635, 4),
('Diver', 637, 5),
('Diver', 639, 6),
('Diver', 641, 7),
('Klient', 551, 1),
('Klient', 553, 2),
('Klient', 555, 3),
('Klient', 557, 4),
('Klient', 559, 5),
('Klient', 561, 6),
('Klient', 563, 7),
('mefioo', 271, 1),
('mefioo', 273, 2),
('mefioo', 275, 3),
('mefioo', 277, 4),
('mefioo', 279, 5),
('mefioo', 281, 6),
('mefioo', 283, 7),
('Zbyniu', 643, 1),
('Zbyniu', 645, 2),
('Zbyniu', 647, 3),
('Zbyniu', 649, 4),
('Zbyniu', 651, 5),
('Zbyniu', 653, 6),
('Zbyniu', 655, 7);

-- --------------------------------------------------------

--
-- Table structure for table `uzytkownicy`
--

CREATE TABLE `uzytkownicy` (
  `Login` varchar(20) COLLATE utf8_unicode_ci NOT NULL,
  `Imie` varchar(15) COLLATE utf8_unicode_ci NOT NULL,
  `Nazwisko` varchar(15) COLLATE utf8_unicode_ci NOT NULL,
  `wiek` int(10) NOT NULL,
  `waga` int(10) NOT NULL,
  `wzrost` int(10) NOT NULL,
  `plec` varchar(1) COLLATE utf8_unicode_ci NOT NULL
) ENGINE=InnoDB DEFAULT CHARSET=utf8 COLLATE=utf8_unicode_ci;

--
-- Dumping data for table `uzytkownicy`
--

INSERT INTO `uzytkownicy` (`Login`, `Imie`, `Nazwisko`, `wiek`, `waga`, `wzrost`, `plec`) VALUES
('Andre', 'Andrzej', 'Krawczuk', 22, 80, 190, 'M'),
('Diver', 'Konrad', 'Budzyński', 22, 75, 179, 'M'),
('Klient', 'Jan', 'Kowalskki', 20, 60, 170, 'M'),
('Mefioo', 'Maciej', 'Adamski', 22, 75, 178, 'M'),
('Zbyniu', 'Zbigniew', 'nowak', 20, 60, 170, 'M');

-- --------------------------------------------------------

--
-- Stand-in structure for view `uzytkownikwidok`
-- (See below for the actual view)
--
CREATE TABLE `uzytkownikwidok` (
`imie` varchar(15)
,`nazwisko` varchar(15)
,`wiek` int(10)
,`waga` int(10)
,`wzrost` int(10)
);

-- --------------------------------------------------------

--
-- Table structure for table `wiersze_aktywnosci`
--

CREATE TABLE `wiersze_aktywnosci` (
  `Login` varchar(20) COLLATE utf8_unicode_ci NOT NULL,
  `id_aktywnosci` int(10) NOT NULL,
  `Liczba_godzin_w_tygodniu` int(10) DEFAULT NULL
) ENGINE=InnoDB DEFAULT CHARSET=utf8 COLLATE=utf8_unicode_ci;

--
-- Dumping data for table `wiersze_aktywnosci`
--

INSERT INTO `wiersze_aktywnosci` (`Login`, `id_aktywnosci`, `Liczba_godzin_w_tygodniu`) VALUES
('Andre', 4, 13),
('Diver', 2, 3),
('Diver', 3, 5),
('Diver', 5, 5),
('Klient', 1, 5),
('Klient', 4, 3),
('Mefioo', 1, 3),
('Mefioo', 2, 7),
('Mefioo', 3, 12),
('mefioo', 4, 17),
('Zbyniu', 1, 4),
('Zbyniu', 3, 2);

-- --------------------------------------------------------

--
-- Table structure for table `wiersze_posilkow`
--

CREATE TABLE `wiersze_posilkow` (
  `id_posilku` int(10) NOT NULL,
  `id_produktu` int(10) NOT NULL,
  `waga_w_gramach` int(100) NOT NULL
) ENGINE=InnoDB DEFAULT CHARSET=utf8 COLLATE=utf8_unicode_ci;

--
-- Dumping data for table `wiersze_posilkow`
--

INSERT INTO `wiersze_posilkow` (`id_posilku`, `id_produktu`, `waga_w_gramach`) VALUES
(2, 1, 300),
(2, 2, 100),
(2, 3, 45),
(2, 4, 20),
(2, 5, 8),
(2, 6, 5),
(3, 1, 300),
(3, 2, 100),
(3, 3, 45),
(3, 5, 8),
(3, 16, 20),
(4, 1, 300),
(4, 2, 100),
(4, 3, 45),
(4, 4, 10),
(4, 5, 8),
(4, 6, 5),
(4, 25, 100),
(5, 4, 10),
(5, 37, 250),
(5, 38, 140),
(5, 39, 100),
(5, 40, 100),
(5, 41, 50),
(6, 2, 100),
(6, 37, 250),
(6, 51, 40),
(7, 3, 60),
(7, 5, 32),
(7, 6, 5),
(7, 37, 250),
(7, 56, 140),
(7, 57, 120),
(7, 60, 6),
(7, 62, 1),
(7, 63, 1),
(7, 64, 1),
(8, 3, 60),
(8, 5, 32),
(8, 6, 5),
(8, 37, 250),
(8, 56, 140),
(8, 60, 6),
(9, 87, 200),
(9, 88, 100),
(9, 89, 100),
(10, 6, 10),
(10, 38, 70),
(10, 41, 100),
(10, 93, 200),
(10, 97, 10),
(10, 98, 10),
(10, 99, 7),
(10, 100, 3),
(11, 109, 75),
(12, 109, 60),
(12, 111, 135),
(12, 113, 60),
(12, 114, 10),
(13, 109, 45),
(13, 119, 150),
(13, 121, 22),
(13, 122, 15),
(14, 127, 80),
(15, 89, 120),
(15, 99, 98),
(15, 113, 240),
(15, 130, 125),
(15, 132, 110),
(15, 134, 50),
(15, 135, 18),
(15, 136, 15),
(15, 137, 3),
(16, 122, 10),
(16, 147, 125),
(16, 148, 24),
(16, 149, 15),
(16, 150, 15),
(17, 6, 5),
(17, 39, 100),
(17, 93, 400),
(17, 97, 20),
(17, 100, 2),
(17, 159, 65),
(17, 160, 60),
(17, 161, 50),
(17, 163, 6),
(17, 165, 4),
(18, 57, 240),
(18, 93, 200),
(18, 97, 20),
(18, 160, 120),
(18, 177, 400),
(19, 89, 120),
(20, 89, 120),
(20, 159, 52),
(20, 189, 150),
(20, 192, 10),
(21, 89, 120),
(21, 198, 50),
(21, 199, 15),
(21, 200, 5),
(21, 201, 5),
(22, 200, 5),
(22, 207, 120),
(22, 208, 20),
(22, 209, 10),
(23, 89, 120),
(23, 99, 28),
(23, 119, 20),
(23, 132, 20),
(23, 216, 50),
(23, 220, 10),
(24, 89, 120),
(24, 113, 30),
(24, 136, 15),
(24, 150, 15),
(24, 201, 15),
(24, 227, 125),
(25, 89, 60),
(25, 239, 140),
(25, 241, 45),
(26, 41, 50),
(26, 97, 10),
(26, 160, 45),
(26, 245, 200),
(26, 246, 125),
(26, 247, 50),
(27, 62, 2),
(27, 64, 1),
(27, 163, 1),
(27, 165, 2),
(27, 245, 400),
(27, 258, 120),
(27, 261, 2),
(28, 100, 1),
(28, 114, 40),
(28, 137, 1),
(28, 200, 2),
(28, 271, 100),
(28, 272, 80),
(28, 273, 50),
(28, 274, 48),
(28, 276, 30),
(28, 277, 30),
(28, 278, 10),
(28, 280, 2),
(29, 114, 20),
(29, 135, 12),
(29, 192, 20),
(29, 208, 40),
(29, 295, 300),
(29, 296, 135),
(29, 297, 112),
(29, 301, 16),
(29, 302, 14),
(29, 304, 10),
(30, 122, 60),
(30, 208, 20),
(30, 277, 60),
(30, 315, 90),
(30, 316, 88),
(30, 317, 70),
(31, 132, 80),
(31, 150, 20),
(31, 200, 5),
(31, 295, 300),
(31, 297, 168),
(31, 302, 40),
(31, 330, 40),
(31, 332, 40),
(32, 89, 240),
(32, 135, 70),
(32, 148, 50),
(32, 201, 20),
(32, 208, 20),
(32, 277, 50),
(32, 297, 112),
(32, 316, 32),
(32, 348, 48),
(33, 247, 25),
(33, 361, 100),
(33, 362, 100),
(33, 363, 100),
(33, 364, 70),
(34, 147, 100),
(34, 247, 25),
(34, 361, 100),
(34, 362, 100),
(34, 364, 70),
(35, 38, 140),
(35, 62, 1),
(35, 100, 1),
(35, 382, 16),
(35, 383, 10),
(35, 385, 1),
(36, 57, 60),
(36, 382, 16),
(36, 394, 30),
(36, 396, 10),
(36, 397, 2),
(37, 89, 120),
(37, 119, 100),
(37, 208, 10),
(37, 297, 56),
(37, 304, 5),
(37, 403, 150),
(37, 405, 100),
(38, 62, 1),
(38, 63, 1),
(38, 97, 20),
(38, 100, 1),
(38, 296, 90),
(38, 297, 55),
(38, 417, 300),
(38, 420, 30),
(38, 422, 10),
(38, 424, 1),
(38, 425, 1),
(39, 100, 12),
(39, 114, 30),
(39, 122, 10),
(39, 159, 299),
(39, 208, 60),
(39, 277, 30),
(39, 304, 100),
(39, 348, 12),
(39, 440, 299),
(40, 97, 20),
(40, 100, 6),
(40, 276, 200),
(40, 304, 30),
(40, 457, 200),
(40, 459, 100),
(40, 460, 75),
(40, 462, 30),
(40, 464, 10),
(41, 56, 140),
(41, 89, 120),
(41, 134, 100),
(41, 135, 12),
(41, 208, 60),
(41, 278, 15),
(41, 315, 90),
(41, 405, 100),
(41, 480, 60),
(41, 482, 52),
(42, 6, 25),
(42, 246, 1125),
(42, 276, 50),
(42, 498, 10),
(42, 499, 2),
(43, 227, 250),
(43, 348, 12),
(43, 506, 65),
(43, 507, 60),
(44, 99, 70),
(44, 137, 1),
(44, 297, 168),
(44, 459, 25),
(44, 515, 36),
(45, 25, 200),
(45, 41, 100),
(45, 97, 40),
(45, 119, 40),
(45, 132, 10),
(45, 161, 25),
(46, 535, 100),
(47, 89, 180),
(47, 148, 36),
(47, 200, 5),
(47, 274, 54),
(47, 297, 56),
(47, 315, 30),
(47, 537, 240),
(47, 543, 20),
(47, 544, 5),
(47, 546, 3),
(48, 99, 28),
(48, 159, 130),
(48, 208, 150),
(48, 274, 150),
(48, 297, 224),
(48, 460, 50),
(48, 558, 200),
(49, 4, 5),
(49, 6, 5),
(49, 57, 120),
(49, 160, 60),
(49, 572, 60),
(49, 576, 4),
(50, 132, 10),
(50, 348, 12),
(50, 583, 85),
(51, 1, 200),
(51, 2, 60),
(51, 6, 5),
(51, 39, 40),
(51, 56, 70),
(51, 60, 6),
(51, 97, 15),
(51, 114, 5),
(51, 296, 45),
(51, 422, 5),
(51, 590, 90),
(51, 595, 30),
(51, 596, 28),
(51, 597, 20),
(51, 599, 10),
(51, 600, 8),
(52, 99, 14),
(52, 621, 24),
(53, 625, 90),
(53, 626, 80),
(54, 163, 1),
(54, 626, 80),
(54, 630, 80),
(54, 631, 40),
(55, 6, 5),
(55, 41, 100),
(55, 97, 5),
(55, 385, 1),
(55, 425, 2),
(55, 637, 100),
(56, 89, 120),
(56, 113, 120),
(56, 200, 3),
(56, 201, 20),
(56, 273, 15),
(57, 99, 28),
(57, 201, 30),
(57, 659, 100),
(58, 201, 30),
(58, 348, 24),
(58, 665, 68),
(59, 201, 30),
(59, 348, 24),
(59, 403, 150),
(59, 672, 80),
(60, 99, 28),
(60, 113, 180),
(60, 201, 30),
(61, 201, 30),
(61, 239, 140),
(61, 348, 24),
(62, 38, 140),
(62, 41, 100),
(62, 62, 1),
(62, 97, 10),
(62, 100, 1),
(62, 177, 200),
(62, 595, 150),
(63, 100, 12),
(63, 122, 60),
(63, 192, 60),
(63, 208, 40),
(63, 277, 130),
(63, 297, 168),
(63, 304, 180),
(64, 100, 12),
(64, 122, 20),
(64, 246, 350),
(64, 440, 500),
(64, 722, 20),
(65, 5, 16),
(65, 258, 80),
(65, 297, 112),
(65, 630, 80),
(65, 729, 500),
(65, 730, 320),
(65, 731, 140),
(65, 736, 10),
(66, 1, 150),
(66, 4, 20),
(66, 5, 16),
(66, 6, 3),
(66, 149, 30),
(66, 630, 240),
(66, 745, 600),
(66, 748, 50),
(67, 38, 140),
(67, 62, 1),
(67, 97, 10),
(67, 163, 1),
(67, 165, 1),
(67, 630, 120),
(67, 763, 100),
(67, 764, 24),
(68, 97, 10),
(68, 148, 24),
(68, 258, 20),
(68, 777, 90),
(68, 781, 3),
(69, 6, 10),
(69, 62, 1),
(69, 100, 2),
(69, 165, 4),
(69, 247, 25),
(69, 261, 2),
(69, 731, 140),
(69, 788, 120),
(69, 789, 40),
(69, 790, 30),
(69, 794, 3),
(70, 89, 60),
(70, 99, 21),
(70, 137, 2),
(70, 208, 50),
(70, 278, 50),
(70, 405, 50),
(70, 637, 400),
(70, 810, 60),
(71, 97, 5),
(71, 246, 125),
(71, 297, 56),
(71, 515, 84),
(72, 5, 8),
(72, 40, 100),
(72, 41, 50),
(72, 62, 1),
(72, 97, 5),
(72, 100, 1),
(72, 296, 90),
(72, 498, 3),
(72, 499, 2),
(72, 736, 10),
(73, 1, 300),
(73, 4, 10),
(73, 39, 80),
(73, 855, 60),
(73, 856, 15),
(74, 1, 300),
(74, 4, 10),
(74, 38, 70),
(74, 39, 120),
(74, 596, 56),
(74, 856, 15),
(75, 2, 160),
(75, 6, 5),
(75, 97, 10),
(75, 147, 500),
(75, 417, 200),
(75, 464, 10),
(75, 878, 100),
(75, 879, 58),
(75, 880, 30),
(75, 883, 5),
(75, 884, 5),
(75, 886, 5),
(75, 887, 3),
(75, 888, 2),
(76, 1, 150),
(76, 60, 6),
(76, 97, 15),
(76, 119, 80),
(76, 198, 105),
(76, 385, 2),
(76, 424, 2),
(76, 856, 12),
(76, 880, 10),
(76, 912, 2),
(76, 913, 2),
(77, 159, 39),
(77, 200, 3),
(77, 925, 70),
(77, 927, 9),
(78, 119, 150),
(78, 159, 50),
(78, 200, 2),
(78, 278, 10),
(78, 361, 100),
(79, 1, 300),
(79, 6, 10),
(79, 41, 100),
(79, 62, 1),
(79, 64, 3),
(79, 163, 1),
(79, 576, 2),
(79, 729, 375),
(79, 945, 250),
(79, 946, 120),
(79, 948, 100),
(79, 949, 30),
(79, 950, 20),
(79, 953, 3),
(80, 159, 50),
(80, 278, 10),
(80, 348, 12),
(80, 583, 255),
(81, 132, 50),
(81, 258, 100),
(81, 274, 12),
(81, 361, 200),
(82, 113, 60),
(82, 130, 200),
(82, 132, 40),
(82, 149, 15),
(82, 209, 10),
(82, 274, 12),
(83, 132, 100),
(83, 135, 36),
(83, 136, 15),
(83, 274, 12),
(83, 315, 25),
(83, 543, 5),
(83, 1002, 20),
(84, 89, 120),
(84, 136, 15),
(84, 159, 91),
(84, 199, 30),
(84, 348, 36),
(84, 543, 15),
(85, 56, 140),
(85, 135, 12),
(85, 278, 30),
(85, 348, 48),
(86, 89, 120),
(86, 208, 20),
(86, 274, 18),
(86, 278, 30),
(86, 297, 224),
(87, 89, 120),
(87, 99, 21),
(87, 274, 18),
(87, 304, 20),
(88, 88, 100),
(88, 89, 120),
(88, 246, 125),
(88, 1054, 60),
(88, 1055, 15),
(89, 315, 120),
(90, 1063, 54),
(91, 1, 150),
(91, 62, 1),
(91, 63, 2),
(91, 97, 10),
(91, 100, 1),
(91, 200, 2),
(91, 261, 1),
(91, 296, 45),
(91, 1066, 70),
(91, 1068, 25),
(92, 97, 10),
(92, 296, 45),
(92, 948, 105),
(92, 1085, 220),
(93, 4, 10),
(93, 6, 10),
(93, 41, 100),
(93, 62, 2),
(93, 64, 2),
(93, 258, 80),
(93, 637, 1000),
(93, 729, 1000),
(93, 1097, 12),
(94, 122, 10),
(94, 127, 240),
(94, 278, 10),
(94, 348, 12),
(94, 1112, 200),
(95, 122, 5),
(95, 278, 10),
(95, 583, 255),
(95, 1112, 200),
(96, 122, 5),
(96, 278, 10),
(96, 1112, 200),
(96, 1129, 260),
(97, 122, 10),
(97, 132, 20),
(97, 278, 10),
(97, 348, 12),
(97, 403, 150),
(97, 1112, 200),
(98, 135, 12),
(98, 239, 140),
(99, 150, 15),
(99, 200, 5),
(99, 241, 45),
(99, 295, 300),
(100, 122, 10),
(100, 132, 20),
(100, 200, 5),
(100, 278, 10),
(100, 295, 300),
(100, 1162, 150),
(101, 6, 5),
(101, 97, 5),
(101, 98, 20),
(101, 160, 30),
(101, 177, 200),
(101, 297, 112),
(101, 422, 5),
(101, 572, 60),
(102, 4, 5),
(102, 6, 5),
(102, 41, 100),
(102, 62, 1),
(102, 296, 200),
(102, 498, 3),
(102, 499, 2),
(102, 1189, 200),
(102, 1197, 1),
(103, 135, 96),
(103, 271, 200),
(103, 273, 50),
(103, 274, 102),
(104, 6, 5),
(104, 41, 100),
(104, 62, 1),
(104, 317, 14),
(104, 498, 3),
(104, 499, 2),
(104, 1215, 300),
(104, 1216, 200),
(104, 1217, 100),
(104, 1219, 60),
(104, 1220, 15),
(104, 1223, 4),
(105, 38, 140),
(105, 41, 100),
(105, 97, 30),
(105, 100, 2),
(105, 296, 135),
(105, 731, 210),
(105, 777, 270),
(105, 790, 60),
(105, 912, 2),
(105, 913, 5),
(106, 297, 112),
(106, 856, 6),
(107, 396, 10),
(107, 1265, 60),
(108, 397, 5),
(108, 1265, 60),
(108, 1270, 20),
(109, 122, 10),
(109, 790, 20),
(110, 149, 15),
(110, 150, 15),
(110, 927, 9),
(110, 1055, 15),
(111, 4, 15),
(111, 100, 2),
(111, 122, 10),
(111, 159, 65),
(111, 161, 25),
(111, 165, 4),
(111, 535, 150),
(111, 1066, 140),
(111, 1290, 40),
(122, 4, 20),
(122, 60, 3),
(122, 245, 100),
(122, 296, 45),
(122, 1363, 100),
(122, 1365, 75),
(123, 62, 2),
(123, 64, 1),
(123, 97, 20),
(123, 241, 105),
(123, 296, 90),
(123, 1066, 140),
(123, 1068, 50),
(123, 1217, 100),
(123, 1379, 60),
(124, 1, 100),
(124, 51, 20),
(124, 60, 6),
(124, 97, 5),
(124, 100, 1),
(124, 165, 4),
(124, 247, 25),
(125, 51, 40),
(125, 62, 2),
(125, 63, 2),
(125, 64, 2),
(125, 159, 104),
(125, 1365, 150),
(125, 1407, 180),
(126, 4, 20),
(126, 62, 1),
(126, 348, 12),
(126, 364, 21),
(126, 1197, 1),
(126, 1424, 6),
(127, 57, 240),
(127, 62, 2),
(127, 97, 10),
(127, 100, 1),
(127, 160, 30),
(127, 397, 10),
(127, 422, 10),
(127, 731, 140),
(127, 1265, 60),
(127, 1365, 150),
(127, 1438, 20),
(128, 5, 16),
(128, 41, 100),
(128, 97, 20),
(128, 247, 50),
(128, 296, 90),
(128, 440, 91),
(128, 1085, 165),
(129, 1, 150),
(129, 38, 70),
(129, 241, 45),
(129, 397, 10),
(129, 595, 45),
(129, 1473, 24),
(130, 62, 2),
(130, 100, 1),
(130, 160, 30),
(130, 258, 80),
(130, 396, 100),
(130, 731, 280),
(130, 1485, 28),
(130, 1486, 15),
(131, 60, 3),
(131, 97, 10),
(131, 198, 150),
(131, 637, 300),
(131, 1066, 140),
(131, 1485, 14),
(132, 2, 280),
(132, 4, 20),
(132, 63, 2),
(132, 160, 30),
(132, 198, 165),
(132, 1270, 200),
(132, 1485, 28),
(132, 1486, 15),
(133, 2, 200),
(133, 41, 100),
(133, 56, 140),
(133, 60, 6),
(133, 62, 1),
(133, 100, 1),
(133, 245, 400),
(133, 880, 20),
(133, 1527, 140),
(134, 6, 5),
(134, 40, 150),
(134, 41, 100),
(134, 97, 10),
(134, 100, 2),
(134, 161, 25),
(134, 165, 4),
(135, 100, 1),
(135, 148, 6),
(135, 208, 10),
(135, 295, 150),
(135, 1223, 2),
(136, 41, 50),
(136, 62, 1),
(136, 97, 30),
(136, 100, 1),
(136, 261, 1),
(136, 296, 45),
(136, 498, 3),
(136, 499, 1),
(136, 1223, 1),
(137, 25, 200),
(137, 38, 140),
(137, 41, 100),
(137, 62, 1),
(137, 63, 1),
(137, 97, 10),
(137, 148, 18),
(137, 177, 200),
(137, 200, 2),
(137, 422, 10),
(137, 596, 84),
(137, 856, 12),
(137, 880, 10),
(137, 1407, 90),
(137, 1591, 30),
(138, 25, 150),
(138, 41, 50),
(138, 62, 1),
(138, 97, 10),
(138, 100, 6),
(138, 1619, 1),
(139, 6, 15),
(139, 63, 1),
(139, 97, 10),
(139, 100, 1),
(139, 731, 210),
(139, 856, 6),
(140, 417, 200),
(140, 1640, 60),
(141, 6, 5),
(141, 56, 70),
(141, 60, 6),
(141, 100, 2),
(141, 165, 4),
(141, 417, 200),
(142, 97, 60),
(142, 99, 63),
(142, 100, 3),
(142, 200, 5),
(142, 297, 56),
(142, 515, 72),
(142, 546, 3),
(142, 745, 80),
(142, 789, 8),
(142, 1655, 250),
(143, 99, 42),
(143, 100, 1),
(143, 134, 25),
(143, 200, 5),
(143, 297, 56),
(143, 417, 400),
(143, 546, 5),
(143, 1681, 4),
(144, 6, 10),
(144, 97, 20),
(144, 165, 4),
(144, 417, 400),
(144, 856, 18),
(144, 913, 5),
(144, 1692, 140),
(144, 1694, 20),
(145, 132, 30),
(145, 135, 12),
(145, 150, 37),
(145, 316, 144),
(146, 89, 120),
(146, 127, 160),
(146, 396, 60),
(146, 1055, 15),
(147, 2, 120),
(147, 3, 60),
(147, 4, 20),
(147, 6, 10),
(147, 41, 50),
(147, 62, 5),
(147, 97, 20),
(147, 100, 5),
(147, 296, 90),
(147, 856, 12),
(147, 887, 6),
(147, 888, 6),
(147, 1068, 50),
(147, 1723, 195),
(147, 1726, 90),
(147, 1728, 50),
(148, 4, 20),
(148, 39, 100),
(148, 41, 50),
(148, 100, 3),
(148, 160, 60),
(148, 165, 4),
(148, 1002, 250),
(148, 1757, 96),
(148, 1759, 50),
(149, 1, 150),
(149, 6, 5),
(149, 39, 240),
(149, 41, 100),
(149, 97, 30),
(149, 296, 90),
(149, 856, 108),
(150, 396, 30),
(150, 1265, 120),
(150, 1640, 60),
(151, 5, 24),
(151, 6, 5),
(151, 38, 140),
(151, 100, 1),
(151, 247, 75),
(151, 258, 60),
(151, 913, 2),
(152, 5, 24),
(152, 6, 5),
(152, 100, 1),
(152, 247, 75),
(152, 258, 60),
(152, 1265, 120),
(152, 1809, 65),
(153, 6, 10),
(153, 41, 100),
(153, 97, 10),
(153, 161, 50),
(153, 163, 6),
(153, 177, 400),
(153, 498, 4),
(153, 499, 2),
(153, 1822, 120),
(153, 1824, 100),
(153, 1832, 1),
(154, 100, 3),
(154, 1845, 150),
(155, 363, 200),
(155, 397, 10),
(155, 789, 3),
(155, 1407, 270),
(156, 4, 5),
(156, 6, 5),
(156, 38, 140),
(156, 41, 50),
(156, 161, 13),
(156, 297, 56),
(156, 789, 8),
(156, 855, 45),
(156, 856, 6),
(157, 4, 10),
(157, 6, 5),
(157, 38, 280),
(157, 41, 100),
(157, 161, 26),
(157, 297, 56),
(157, 789, 16),
(157, 855, 45),
(157, 856, 12),
(158, 38, 70),
(158, 297, 112),
(158, 856, 12),
(158, 1895, 60),
(159, 1901, 70),
(160, 136, 30),
(160, 137, 1),
(160, 200, 5),
(160, 315, 70),
(160, 543, 20),
(160, 1757, 70),
(160, 1905, 60),
(160, 1908, 20),
(161, 99, 98),
(161, 148, 36),
(161, 149, 37),
(161, 316, 32),
(161, 625, 400),
(161, 1921, 40),
(162, 137, 5),
(162, 208, 80),
(162, 273, 40),
(162, 278, 10),
(162, 297, 56),
(162, 348, 60),
(162, 546, 3),
(162, 1931, 350),
(163, 97, 25),
(163, 99, 14),
(163, 278, 20),
(163, 296, 200),
(163, 297, 112),
(163, 348, 72),
(163, 405, 260),
(163, 546, 3),
(164, 258, 200),
(164, 297, 168),
(164, 731, 210),
(164, 886, 10),
(164, 1068, 50),
(164, 1963, 300),
(164, 1969, 2),
(165, 62, 2),
(165, 297, 224),
(165, 1197, 2),
(165, 1265, 180),
(165, 1365, 120),
(165, 1977, 400),
(165, 1981, 120),
(165, 1982, 6),
(165, 1983, 5),
(166, 135, 18),
(166, 216, 200),
(166, 274, 48),
(166, 348, 48),
(166, 558, 50),
(167, 60, 3),
(167, 261, 2),
(167, 297, 112),
(167, 572, 30),
(167, 2005, 250),
(168, 1, 150),
(168, 4, 10),
(168, 100, 2),
(168, 163, 2),
(168, 165, 4),
(168, 297, 112),
(168, 422, 20),
(168, 763, 50),
(168, 912, 2),
(168, 1066, 70),
(169, 1, 50),
(169, 38, 40),
(169, 97, 5),
(169, 163, 1),
(169, 297, 56),
(170, 2, 80),
(170, 38, 40),
(170, 97, 5),
(170, 297, 112),
(170, 2048, 15),
(171, 100, 2),
(171, 165, 4),
(171, 261, 3),
(171, 296, 90),
(171, 637, 100),
(171, 1068, 100),
(171, 1379, 120),
(171, 2059, 15),
(172, 4, 10),
(172, 62, 1),
(172, 100, 2),
(172, 245, 500),
(172, 425, 5),
(173, 2081, 490),
(174, 149, 30),
(174, 403, 75),
(174, 2084, 75),
(175, 4, 20),
(175, 6, 10),
(175, 38, 280),
(175, 41, 100),
(175, 57, 600),
(175, 62, 2),
(175, 100, 1),
(175, 856, 6),
(175, 1097, 12),
(176, 97, 10),
(176, 137, 1),
(176, 273, 20),
(176, 459, 50),
(176, 2108, 45),
(176, 2109, 40),
(177, 99, 14),
(177, 100, 1),
(177, 135, 6),
(177, 200, 2),
(177, 297, 56),
(177, 417, 200),
(177, 544, 20),
(177, 546, 3),
(177, 659, 50),
(177, 1931, 105),
(177, 2120, 140),
(178, 4, 5),
(178, 38, 35),
(178, 296, 25),
(178, 297, 56),
(178, 630, 25),
(178, 856, 12),
(178, 1002, 20),
(178, 1640, 40),
(178, 1757, 36),
(178, 2149, 6),
(179, 41, 200),
(179, 97, 10),
(179, 100, 5),
(179, 159, 143),
(179, 165, 8),
(179, 296, 45),
(179, 425, 5),
(179, 1066, 140),
(179, 1217, 500),
(179, 1757, 48),
(179, 2162, 330),
(179, 2170, 5),
(180, 4, 20),
(180, 5, 32),
(180, 41, 100),
(180, 161, 75),
(180, 198, 90),
(180, 2162, 605),
(181, 382, 16),
(181, 2197, 65),
(181, 2198, 30),
(182, 3, 60),
(182, 100, 1),
(182, 163, 3),
(182, 165, 4),
(182, 258, 40),
(182, 297, 56),
(182, 385, 1),
(182, 2197, 65),
(183, 57, 120),
(183, 397, 10),
(183, 2197, 65),
(184, 216, 100),
(184, 397, 5),
(184, 2197, 65),
(185, 122, 10),
(185, 2231, 220),
(186, 2, 120),
(186, 97, 20),
(186, 296, 45),
(186, 595, 45),
(186, 596, 120),
(186, 2236, 120),
(187, 97, 20),
(187, 159, 104),
(187, 258, 100),
(187, 630, 80),
(187, 730, 240),
(188, 1129, 130),
(189, 6, 10),
(189, 97, 20),
(189, 161, 125),
(189, 165, 8),
(189, 459, 50),
(189, 1832, 4),
(190, 89, 120),
(190, 1129, 130),
(190, 2273, 40),
(191, 89, 120),
(191, 113, 120),
(191, 122, 15),
(191, 227, 125),
(191, 273, 20),
(192, 89, 120),
(192, 122, 15),
(192, 227, 125),
(192, 273, 20),
(192, 2289, 100),
(193, 397, 5),
(193, 626, 80),
(194, 97, 5),
(194, 297, 56),
(194, 626, 80),
(194, 1681, 4),
(195, 2, 80),
(195, 56, 70),
(195, 396, 15),
(195, 422, 10),
(195, 572, 90),
(195, 625, 50),
(196, 51, 10),
(196, 56, 70),
(196, 247, 25),
(196, 572, 90),
(196, 2323, 30),
(197, 2, 200),
(197, 56, 140),
(197, 60, 12),
(197, 62, 1),
(197, 100, 0),
(197, 572, 120),
(197, 1486, 30),
(198, 127, 160),
(198, 572, 60),
(198, 597, 20),
(198, 2347, 40),
(199, 16, 60),
(199, 572, 90),
(200, 482, 45),
(200, 2357, 90),
(201, 88, 100),
(201, 89, 120),
(201, 1112, 200),
(201, 1219, 60),
(202, 4, 5),
(202, 6, 5),
(202, 247, 50),
(202, 297, 112),
(202, 572, 60),
(202, 2372, 30),
(203, 6, 5),
(203, 56, 70),
(203, 1290, 20),
(204, 6, 5),
(204, 25, 100),
(204, 41, 50),
(204, 97, 15),
(204, 440, 156),
(204, 459, 15),
(204, 736, 10),
(205, 4, 10),
(205, 6, 5),
(205, 25, 100),
(205, 41, 50),
(205, 736, 10),
(205, 855, 120),
(205, 2404, 18),
(205, 2405, 15),
(206, 2, 100),
(206, 4, 10),
(206, 6, 10),
(206, 62, 1),
(206, 100, 2),
(206, 879, 58),
(206, 1270, 50),
(206, 1290, 80),
(206, 1983, 20),
(206, 2417, 300),
(206, 2422, 40),
(206, 2427, 1),
(207, 4, 30),
(207, 62, 1),
(207, 64, 1),
(207, 1002, 80),
(207, 1723, 105),
(207, 2149, 48),
(208, 777, 135),
(208, 1640, 60),
(209, 4, 10),
(209, 41, 100),
(209, 62, 1),
(209, 64, 1),
(209, 177, 200),
(209, 261, 1),
(210, 2, 100),
(210, 4, 10),
(210, 38, 70),
(210, 41, 50),
(210, 597, 40),
(210, 600, 24),
(210, 913, 5),
(210, 2472, 50),
(211, 4, 15),
(211, 57, 120),
(211, 2472, 100),
(212, 1002, 250),
(212, 2492, 250),
(213, 1129, 390),
(214, 1002, 250),
(214, 2498, 250),
(215, 1002, 250),
(215, 2502, 250),
(216, 2505, 90),
(217, 295, 150),
(218, 295, 150),
(219, 136, 30),
(219, 295, 150),
(220, 278, 5),
(220, 295, 150),
(220, 316, 16),
(220, 317, 14),
(221, 149, 15),
(221, 159, 39),
(221, 200, 5),
(221, 273, 25),
(221, 295, 150),
(222, 159, 52),
(222, 315, 30),
(222, 583, 170),
(223, 89, 120),
(223, 159, 50),
(223, 1055, 15),
(224, 136, 15),
(224, 159, 26),
(224, 278, 5),
(224, 348, 24),
(224, 361, 200),
(224, 1112, 200),
(225, 89, 120),
(225, 159, 50),
(226, 159, 52),
(226, 192, 10),
(226, 258, 120),
(226, 659, 50),
(227, 122, 10),
(227, 149, 15),
(227, 227, 125),
(227, 420, 30),
(227, 1901, 28),
(228, 159, 39),
(228, 258, 120),
(228, 364, 70),
(228, 927, 18),
(229, 397, 5),
(229, 1162, 150),
(229, 2108, 30),
(229, 2588, 35),
(230, 56, 70),
(230, 60, 6),
(230, 297, 112),
(230, 422, 10),
(231, 57, 120),
(231, 97, 5),
(231, 297, 112),
(231, 397, 5),
(231, 572, 60),
(232, 297, 112),
(232, 397, 10),
(232, 535, 50),
(232, 572, 60),
(232, 1728, 50),
(233, 1, 60),
(233, 2, 80),
(233, 297, 56),
(233, 397, 5),
(233, 572, 60),
(233, 913, 5),
(233, 949, 5),
(234, 4, 5),
(234, 39, 100),
(234, 297, 112),
(234, 535, 50),
(235, 4, 5),
(235, 39, 100),
(235, 297, 112),
(235, 535, 100),
(235, 2648, 14),
(236, 57, 120),
(236, 297, 168),
(236, 949, 5),
(237, 57, 120),
(237, 97, 5),
(237, 297, 112),
(237, 397, 5),
(237, 572, 60),
(238, 6, 5),
(238, 297, 112),
(238, 397, 10),
(238, 572, 60),
(238, 576, 4),
(238, 1485, 14),
(239, 57, 120),
(239, 97, 5),
(239, 297, 112),
(239, 422, 10),
(239, 572, 60),
(240, 247, 50),
(240, 297, 112),
(240, 397, 5),
(241, 4, 5),
(241, 38, 70),
(241, 297, 168),
(241, 535, 200),
(242, 4, 5),
(242, 57, 120),
(242, 297, 168),
(242, 535, 250),
(243, 396, 20),
(243, 422, 10),
(243, 1640, 20),
(243, 2715, 150),
(243, 2716, 45),
(244, 165, 2),
(244, 297, 112),
(244, 2726, 30),
(245, 6, 5),
(245, 38, 70),
(245, 41, 50),
(245, 62, 1),
(245, 100, 1),
(245, 161, 50),
(245, 297, 112),
(245, 385, 3),
(245, 397, 5),
(245, 425, 2),
(245, 572, 60),
(245, 856, 6),
(246, 192, 10),
(246, 297, 224),
(246, 576, 5),
(246, 856, 6),
(246, 2756, 50),
(246, 2758, 10),
(247, 3, 15),
(247, 62, 1),
(247, 100, 1),
(247, 297, 224),
(247, 625, 160),
(247, 630, 20),
(247, 1969, 5),
(247, 2323, 30),
(247, 2772, 10),
(248, 4, 10),
(248, 57, 120),
(248, 62, 1),
(248, 64, 1),
(248, 163, 1),
(248, 297, 112),
(248, 396, 30),
(248, 2648, 14),
(249, 57, 60),
(249, 163, 1),
(249, 297, 56),
(249, 396, 20),
(249, 397, 5),
(249, 2357, 60),
(250, 4, 10),
(250, 57, 120),
(250, 62, 1),
(250, 247, 75),
(250, 297, 56),
(250, 1982, 12),
(251, 57, 30),
(251, 297, 56),
(251, 382, 8),
(251, 397, 5),
(251, 2197, 32),
(251, 2830, 1),
(252, 62, 1),
(252, 100, 1),
(252, 297, 56),
(252, 422, 5),
(252, 1640, 20),
(252, 2197, 65),
(253, 56, 70),
(253, 62, 1),
(253, 100, 1),
(253, 297, 56),
(253, 385, 1),
(253, 1219, 30),
(254, 2, 3),
(254, 62, 2),
(254, 97, 5),
(254, 100, 1),
(254, 163, 2),
(254, 165, 4),
(254, 247, 75),
(254, 297, 112),
(254, 422, 5),
(254, 572, 60),
(254, 2864, 5),
(254, 2867, 4),
(255, 297, 56),
(255, 382, 16),
(255, 572, 60),
(255, 1527, 140),
(255, 1640, 20),
(256, 57, 120),
(256, 297, 56),
(256, 397, 5),
(256, 422, 5),
(256, 2197, 65),
(256, 2898, 15),
(257, 57, 120),
(257, 62, 1),
(257, 64, 1),
(257, 97, 5),
(257, 247, 25),
(257, 297, 112),
(257, 572, 60),
(258, 200, 5),
(258, 258, 150),
(258, 297, 112),
(258, 348, 48),
(258, 625, 200),
(258, 855, 90),
(258, 1129, 260),
(259, 119, 250),
(260, 113, 60),
(260, 2937, 200),
(260, 2939, 40),
(261, 37, 250),
(262, 37, 250),
(262, 397, 10),
(262, 2405, 20),
(262, 2948, 2),
(263, 51, 20),
(263, 57, 60),
(263, 122, 10),
(263, 160, 30),
(263, 2197, 65),
(264, 239, 140),
(264, 397, 5),
(264, 572, 60),
(264, 764, 8),
(264, 1216, 100),
(265, 348, 24),
(265, 397, 5),
(265, 1219, 60),
(266, 38, 70),
(266, 62, 1),
(266, 64, 1),
(266, 97, 10),
(266, 572, 60),
(266, 1365, 100),
(266, 2726, 30),
(267, 57, 60),
(267, 163, 1),
(267, 247, 25),
(267, 397, 3),
(267, 2197, 65),
(267, 2995, 30),
(268, 119, 20),
(268, 149, 15),
(268, 348, 12),
(268, 625, 50),
(268, 2197, 65),
(269, 57, 240),
(269, 62, 2),
(269, 100, 1),
(269, 258, 60),
(269, 397, 5),
(269, 572, 60),
(269, 1438, 20),
(269, 2898, 30),
(270, 397, 5),
(270, 482, 30),
(270, 3031, 50),
(271, 4, 5),
(271, 57, 240),
(271, 62, 1),
(271, 64, 1),
(271, 165, 4),
(271, 396, 30),
(271, 397, 5),
(271, 422, 10),
(271, 2357, 90),
(272, 56, 35),
(272, 57, 30),
(272, 572, 60),
(273, 245, 200),
(273, 576, 10),
(273, 1640, 60),
(274, 57, 120),
(274, 62, 2),
(274, 64, 1),
(274, 297, 56),
(274, 397, 5),
(274, 572, 180),
(274, 576, 4),
(274, 600, 16),
(275, 6, 5),
(275, 38, 10),
(275, 56, 70),
(275, 60, 6),
(275, 396, 10),
(276, 572, 90),
(276, 764, 24),
(276, 1640, 60),
(277, 297, 56),
(277, 396, 15),
(277, 397, 3),
(277, 572, 60),
(277, 1265, 60),
(278, 57, 60),
(278, 396, 20),
(278, 397, 3),
(278, 764, 12),
(278, 2323, 90),
(279, 136, 30),
(279, 3119, 90),
(280, 149, 15),
(280, 348, 24),
(280, 2357, 90),
(281, 5, 8),
(281, 56, 70),
(281, 60, 6),
(281, 422, 5),
(281, 572, 90),
(281, 600, 24),
(281, 1895, 60),
(282, 6, 5),
(282, 97, 5),
(282, 119, 20),
(282, 422, 10),
(282, 572, 60),
(282, 600, 16),
(282, 913, 4),
(282, 1485, 14),
(282, 3143, 100),
(283, 5, 16),
(283, 38, 70),
(283, 572, 90),
(283, 1290, 40),
(284, 38, 70),
(284, 97, 10),
(284, 297, 56),
(284, 422, 20),
(284, 572, 60),
(284, 630, 40),
(284, 856, 12),
(285, 62, 1),
(285, 63, 2),
(285, 64, 1),
(285, 159, 39),
(285, 258, 20),
(285, 297, 112),
(285, 385, 1),
(285, 422, 15),
(285, 572, 120),
(286, 97, 10),
(286, 122, 15),
(286, 161, 50),
(286, 572, 120),
(286, 856, 12),
(286, 912, 3),
(286, 1485, 21),
(286, 1809, 65),
(287, 4, 10),
(287, 38, 70),
(287, 57, 120),
(287, 856, 12),
(287, 912, 2),
(287, 2357, 120),
(287, 2756, 125),
(288, 4, 5),
(288, 38, 40),
(288, 62, 1),
(288, 63, 2),
(288, 64, 1),
(288, 385, 1),
(288, 396, 10),
(288, 422, 20),
(288, 572, 60),
(288, 1969, 3),
(288, 1983, 5),
(288, 3231, 60),
(289, 4, 10),
(289, 57, 50),
(289, 60, 6),
(289, 396, 20),
(289, 422, 10),
(289, 1983, 10),
(289, 3231, 90),
(290, 38, 140),
(290, 62, 1),
(290, 64, 1),
(290, 97, 10),
(290, 272, 160),
(290, 382, 32),
(290, 572, 120),
(290, 912, 1),
(291, 62, 1),
(291, 64, 1),
(291, 382, 32),
(291, 788, 120),
(291, 3285, 225),
(291, 3286, 180),
(292, 38, 70),
(292, 41, 50),
(292, 396, 15),
(292, 572, 60),
(292, 856, 12),
(292, 1265, 60),
(292, 1809, 60),
(293, 4, 10),
(293, 5, 16),
(293, 57, 120),
(293, 62, 1),
(293, 64, 1),
(293, 297, 56),
(293, 1895, 180),
(293, 2357, 120),
(294, 4, 5),
(294, 6, 5),
(294, 62, 1),
(294, 64, 1),
(294, 382, 15),
(294, 396, 15),
(294, 1265, 60),
(295, 572, 60),
(295, 3342, 30),
(296, 5, 4),
(296, 38, 35),
(296, 62, 1),
(296, 64, 3),
(296, 247, 25),
(296, 277, 10),
(296, 572, 90),
(296, 1162, 75),
(296, 1485, 14),
(296, 2726, 45),
(297, 5, 4),
(297, 38, 70),
(297, 247, 25),
(297, 631, 27),
(297, 2323, 30),
(297, 3286, 90),
(298, 3, 45),
(298, 38, 70),
(298, 422, 10),
(298, 631, 67),
(298, 3286, 90),
(299, 57, 60),
(299, 396, 20),
(299, 397, 5),
(299, 3388, 45),
(300, 56, 70),
(300, 62, 1),
(300, 100, 1),
(300, 631, 40),
(300, 2357, 60),
(301, 56, 140),
(301, 572, 120),
(301, 764, 16),
(302, 396, 15),
(302, 572, 90),
(302, 1265, 60),
(302, 3412, 60),
(303, 422, 5),
(303, 572, 60),
(303, 597, 20),
(303, 631, 27),
(303, 1265, 60),
(304, 62, 1),
(304, 64, 1),
(304, 397, 5),
(304, 422, 10),
(304, 572, 90),
(304, 3430, 50),
(305, 2, 120),
(305, 97, 20),
(305, 247, 75),
(305, 422, 20),
(305, 572, 360),
(305, 1290, 40),
(306, 130, 20),
(306, 136, 15),
(306, 296, 45),
(306, 572, 120),
(306, 630, 40),
(306, 913, 2),
(307, 57, 60),
(307, 397, 5),
(307, 572, 90),
(307, 600, 24),
(307, 1895, 90),
(308, 4, 5),
(308, 422, 5),
(308, 572, 60),
(308, 625, 50),
(309, 348, 24),
(309, 397, 5),
(309, 572, 90),
(309, 625, 100),
(310, 277, 10),
(310, 348, 12),
(310, 625, 50),
(310, 949, 5),
(310, 2357, 60),
(311, 3, 30),
(311, 62, 1),
(311, 64, 1),
(311, 119, 20),
(311, 422, 10),
(311, 425, 1),
(311, 625, 40),
(311, 2197, 65),
(312, 3, 30),
(312, 4, 5),
(312, 57, 60),
(312, 216, 50),
(312, 396, 10),
(312, 422, 10),
(313, 3, 60),
(313, 4, 5),
(313, 57, 60),
(313, 216, 50),
(313, 396, 10),
(313, 422, 10),
(313, 572, 60),
(314, 3, 60),
(314, 57, 60),
(314, 396, 10),
(314, 422, 10),
(314, 572, 120),
(314, 625, 100),
(315, 57, 60),
(315, 396, 20),
(315, 397, 5),
(315, 2716, 60),
(316, 2, 100),
(316, 572, 60),
(316, 597, 20),
(316, 2323, 60),
(317, 16, 40),
(317, 38, 35),
(317, 396, 15),
(317, 572, 90),
(318, 41, 100),
(318, 62, 1),
(318, 64, 1),
(318, 97, 10),
(318, 949, 30),
(318, 1215, 500),
(318, 1220, 40),
(318, 1832, 1),
(318, 3580, 240),
(319, 127, 80),
(319, 296, 90),
(319, 361, 200),
(320, 4, 10),
(320, 6, 5),
(320, 62, 2),
(320, 247, 200),
(320, 731, 600),
(320, 1197, 2),
(320, 1619, 12),
(320, 3604, 500),
(321, 4, 50),
(321, 6, 5),
(321, 62, 2),
(321, 121, 30),
(321, 200, 2),
(321, 637, 300),
(321, 789, 56),
(321, 856, 24),
(321, 878, 200),
(321, 927, 63),
(321, 953, 2),
(321, 1905, 125),
(321, 1908, 10),
(321, 3604, 700),
(322, 88, 100),
(322, 89, 60),
(322, 258, 180),
(322, 3649, 65),
(323, 440, 52),
(324, 62, 2),
(324, 97, 10),
(324, 100, 1),
(324, 422, 10),
(324, 637, 200),
(324, 763, 100),
(324, 856, 10),
(325, 150, 30),
(325, 363, 150),
(325, 440, 52),
(325, 1054, 100),
(326, 99, 4),
(326, 159, 78),
(326, 403, 150),
(327, 135, 12),
(327, 159, 39),
(327, 208, 20),
(327, 2502, 250),
(328, 89, 120),
(328, 99, 4),
(328, 159, 39),
(328, 278, 10),
(328, 927, 9),
(329, 147, 250),
(329, 159, 39),
(329, 364, 70),
(329, 927, 9),
(330, 855, 60),
(331, 130, 250),
(331, 192, 10),
(331, 200, 5),
(331, 209, 10),
(331, 855, 45),
(331, 1054, 150),
(332, 4, 10),
(332, 41, 50),
(332, 57, 120),
(332, 62, 1),
(332, 64, 1),
(332, 855, 60),
(332, 856, 12),
(332, 912, 1),
(332, 3727, 50),
(333, 1129, 130),
(333, 1473, 36),
(334, 149, 15),
(334, 315, 50),
(334, 1473, 36),
(335, 209, 10),
(335, 361, 100),
(335, 665, 50),
(335, 1473, 36),
(336, 192, 10),
(336, 364, 70),
(336, 1473, 36),
(337, 62, 1),
(337, 64, 1),
(337, 97, 20),
(337, 855, 150),
(337, 1363, 225),
(337, 1438, 60),
(337, 2236, 120),
(337, 3771, 30),
(338, 348, 24),
(338, 1473, 36),
(338, 2231, 100),
(339, 192, 20),
(339, 1054, 100),
(339, 1473, 48),
(340, 363, 200),
(340, 1129, 130),
(341, 363, 200),
(341, 1129, 70),
(341, 3801, 40),
(341, 3802, 9),
(342, 200, 5),
(342, 295, 70),
(342, 363, 200),
(343, 363, 200),
(343, 1054, 250),
(344, 3817, 100),
(345, 1, 300),
(345, 41, 100),
(345, 57, 480),
(345, 93, 400),
(345, 297, 56),
(345, 459, 125),
(345, 731, 490),
(346, 97, 15),
(346, 163, 1),
(346, 385, 2),
(346, 856, 3),
(346, 887, 2),
(346, 888, 4),
(346, 3833, 50),
(347, 348, 24),
(347, 1921, 60),
(348, 135, 18),
(348, 147, 125),
(348, 200, 5),
(348, 209, 10),
(348, 239, 140),
(348, 927, 9),
(348, 1055, 15),
(349, 99, 7),
(349, 672, 300),
(350, 127, 160),
(350, 135, 18),
(350, 147, 250),
(350, 209, 10),
(350, 1473, 36),
(351, 87, 120),
(351, 135, 6),
(351, 147, 125),
(351, 200, 3),
(351, 1129, 130),
(351, 1473, 36),
(352, 113, 30),
(352, 201, 15),
(352, 239, 140),
(352, 348, 24),
(352, 659, 25),
(352, 672, 200),
(353, 113, 30),
(353, 201, 15),
(353, 239, 140),
(353, 274, 6),
(353, 278, 10),
(353, 348, 24),
(353, 659, 15),
(353, 672, 200),
(354, 201, 10),
(354, 258, 120),
(354, 506, 65),
(354, 722, 16),
(354, 3920, 100),
(355, 89, 120),
(355, 149, 15),
(355, 278, 10),
(356, 239, 140),
(356, 2427, 10),
(357, 89, 120),
(357, 147, 150),
(357, 200, 2),
(358, 89, 120),
(358, 119, 250),
(358, 239, 280),
(359, 132, 25),
(359, 361, 200),
(360, 89, 120),
(360, 132, 30),
(361, 130, 250),
(361, 132, 40),
(361, 135, 12),
(361, 136, 15),
(361, 209, 30),
(361, 659, 150),
(362, 113, 60),
(362, 659, 50),
(362, 3973, 30),
(363, 295, 70),
(363, 302, 7),
(363, 363, 150),
(363, 1129, 70),
(364, 89, 120),
(364, 315, 20),
(364, 3985, 125),
(365, 119, 150),
(365, 403, 75),
(365, 1129, 65),
(366, 89, 120),
(366, 111, 135),
(366, 119, 150),
(366, 403, 75),
(367, 113, 120),
(367, 596, 56),
(367, 4005, 250),
(368, 57, 120),
(368, 62, 2),
(368, 64, 1),
(368, 97, 20),
(368, 296, 45),
(368, 440, 104),
(368, 1363, 150),
(368, 4015, 30),
(370, 127, 160),
(370, 150, 15),
(370, 258, 200),
(370, 596, 42),
(371, 4, 30),
(371, 6, 10),
(371, 62, 1),
(371, 100, 6),
(371, 192, 30),
(371, 596, 98),
(371, 856, 6),
(371, 1290, 80),
(371, 4038, 170),
(372, 149, 15),
(372, 200, 3),
(372, 295, 300),
(372, 596, 56),
(373, 258, 150),
(373, 277, 10),
(373, 403, 150),
(373, 596, 56),
(374, 149, 15),
(374, 258, 200),
(374, 361, 200),
(374, 596, 56),
(375, 200, 10),
(375, 316, 16),
(375, 317, 21),
(375, 361, 200),
(375, 1290, 80),
(375, 1901, 14),
(375, 2505, 30),
(376, 41, 100),
(376, 62, 2),
(376, 64, 1),
(376, 97, 20),
(376, 296, 45),
(376, 297, 56),
(376, 789, 24),
(376, 856, 24),
(377, 5, 16),
(377, 37, 250),
(377, 62, 1),
(377, 64, 1),
(377, 97, 5),
(377, 258, 40),
(377, 396, 100),
(377, 3649, 104),
(378, 97, 10),
(378, 789, 8),
(379, 41, 50),
(379, 60, 6),
(379, 97, 15),
(379, 295, 75),
(379, 296, 45),
(379, 789, 8),
(379, 4130, 190),
(379, 4131, 100),
(380, 97, 5),
(380, 789, 8),
(381, 97, 5),
(381, 789, 8),
(382, 41, 100),
(382, 62, 2),
(382, 64, 1),
(382, 97, 20),
(382, 258, 20),
(382, 297, 56),
(382, 630, 80),
(382, 855, 120),
(383, 4, 20),
(383, 38, 140),
(383, 296, 45),
(383, 297, 56),
(383, 595, 60),
(383, 856, 18),
(383, 1066, 140),
(383, 1379, 120),
(383, 1485, 28),
(383, 1723, 120),
(383, 4177, 40),
(384, 37, 250),
(384, 39, 120),
(384, 41, 100),
(384, 97, 10),
(384, 296, 90),
(384, 297, 56),
(384, 440, 104),
(384, 595, 60),
(384, 4199, 40),
(385, 97, 20),
(385, 198, 105),
(385, 247, 25),
(385, 297, 56),
(385, 630, 40),
(385, 1379, 120),
(385, 1485, 28),
(385, 2236, 120),
(386, 4, 10),
(386, 39, 100),
(386, 41, 100),
(386, 297, 56),
(386, 440, 78),
(386, 789, 24),
(387, 41, 100),
(387, 62, 2),
(387, 64, 1),
(387, 97, 10),
(387, 159, 91),
(387, 261, 1),
(387, 2405, 15),
(388, 41, 50),
(388, 97, 5),
(388, 159, 52),
(389, 56, 140),
(389, 89, 120),
(389, 278, 30),
(389, 348, 72),
(389, 4005, 20),
(389, 4263, 15),
(390, 200, 1),
(390, 278, 10),
(390, 348, 24),
(390, 1055, 50),
(390, 4005, 30),
(391, 4, 20),
(391, 6, 10),
(391, 62, 1),
(391, 98, 20),
(391, 271, 400),
(391, 600, 24),
(391, 637, 500),
(391, 1002, 250),
(391, 1197, 1),
(391, 4286, 12),
(392, 6, 5),
(392, 41, 50),
(392, 177, 100),
(392, 208, 20),
(392, 576, 4),
(392, 1290, 40),
(392, 1485, 14),
(392, 4301, 96),
(393, 4, 20),
(393, 6, 5),
(393, 57, 120),
(393, 161, 75),
(393, 856, 12),
(393, 1290, 40),
(393, 1969, 5),
(393, 4301, 108),
(394, 62, 2),
(394, 64, 1),
(394, 97, 20),
(394, 296, 90),
(394, 948, 90),
(394, 1066, 140),
(394, 1068, 50),
(394, 1379, 120),
(394, 3285, 225),
(395, 100, 2),
(395, 114, 20),
(395, 119, 30),
(395, 165, 2),
(395, 216, 200),
(395, 277, 20),
(395, 422, 10),
(395, 2864, 25),
(396, 1, 100),
(396, 39, 100),
(396, 41, 50),
(396, 62, 2),
(396, 63, 2),
(396, 64, 1),
(396, 97, 20),
(396, 163, 3),
(396, 177, 200),
(396, 296, 45),
(396, 425, 2),
(397, 62, 2),
(397, 64, 1),
(397, 97, 10),
(397, 261, 4),
(397, 3143, 100),
(398, 62, 1),
(398, 64, 1),
(398, 198, 150),
(398, 385, 2),
(398, 459, 25),
(398, 1438, 20),
(398, 2492, 250),
(398, 3771, 30),
(398, 4400, 120),
(399, 41, 50),
(399, 60, 12),
(399, 62, 2),
(399, 63, 3),
(399, 64, 1),
(399, 97, 20),
(399, 127, 80),
(399, 163, 2),
(399, 165, 4),
(399, 177, 200),
(399, 200, 2),
(399, 464, 10),
(400, 6, 5),
(400, 62, 1),
(400, 98, 20),
(400, 100, 3),
(400, 239, 560),
(400, 879, 29),
(400, 880, 10),
(400, 883, 9),
(400, 4445, 6),
(401, 5, 8),
(401, 37, 150),
(401, 62, 2),
(401, 100, 1),
(401, 198, 50),
(401, 261, 2),
(401, 295, 150),
(401, 595, 45),
(401, 3143, 150),
(401, 4199, 100),
(402, 5, 8),
(402, 37, 250),
(402, 62, 2),
(402, 64, 1),
(402, 97, 5),
(402, 198, 105),
(402, 295, 300),
(402, 595, 60),
(402, 3143, 200),
(402, 4199, 20),
(403, 4, 10),
(403, 6, 10),
(403, 37, 250),
(403, 100, 2),
(403, 385, 1),
(403, 424, 2),
(403, 856, 12),
(403, 913, 5),
(403, 1066, 70),
(404, 4516, 60),
(405, 2, 80),
(405, 56, 70),
(405, 777, 45),
(405, 1055, 15),
(405, 1290, 20),
(405, 1527, 70),
(405, 4516, 60),
(406, 147, 60),
(406, 148, 12),
(406, 149, 15),
(406, 159, 52),
(406, 192, 15),
(406, 200, 2),
(406, 315, 10),
(406, 316, 20),
(406, 348, 24),
(406, 1908, 20),
(406, 4534, 25),
(407, 6, 20),
(407, 41, 100),
(407, 97, 10),
(407, 100, 3),
(407, 160, 60),
(407, 165, 4),
(407, 247, 150),
(407, 297, 56),
(407, 3388, 30),
(407, 4555, 140),
(407, 4557, 68),
(408, 1, 300),
(408, 4, 10),
(408, 6, 5),
(408, 38, 140),
(408, 41, 100),
(408, 62, 2),
(408, 93, 200),
(408, 100, 2),
(408, 177, 400),
(408, 781, 3),
(408, 4580, 140),
(409, 1, 150),
(409, 6, 5),
(409, 38, 70),
(409, 41, 50),
(409, 97, 10),
(409, 177, 400),
(409, 856, 12),
(410, 4, 10),
(410, 38, 50),
(410, 57, 50),
(410, 62, 2),
(410, 64, 1),
(410, 201, 10),
(410, 396, 50),
(410, 595, 50),
(411, 3, 45),
(411, 2198, 30),
(412, 62, 2),
(412, 64, 1),
(412, 97, 20),
(412, 149, 30),
(412, 855, 150),
(412, 1485, 28),
(412, 4633, 100),
(413, 57, 60),
(413, 396, 10),
(413, 397, 5),
(413, 1895, 60),
(413, 4646, 60),
(414, 295, 300),
(414, 1290, 40),
(414, 2427, 3),
(415, 99, 28),
(415, 113, 240),
(415, 136, 15),
(415, 304, 30),
(416, 56, 70),
(416, 60, 12),
(416, 89, 120),
(416, 149, 10),
(416, 209, 10),
(416, 274, 18),
(417, 63, 2),
(417, 192, 10),
(417, 239, 140),
(417, 271, 60),
(417, 879, 29),
(418, 60, 6),
(418, 114, 5),
(418, 4692, 100),
(419, 62, 1),
(419, 64, 1),
(419, 97, 10),
(419, 159, 104),
(419, 247, 50),
(419, 1363, 200),
(419, 1365, 75),
(419, 1485, 35),
(419, 1486, 30),
(419, 4692, 100),
(420, 5, 16),
(420, 296, 90),
(420, 440, 104),
(420, 1290, 40),
(420, 1363, 100),
(420, 4692, 200),
(421, 57, 120),
(421, 114, 10),
(421, 258, 60),
(421, 630, 80),
(421, 1270, 120),
(421, 1895, 180),
(421, 3388, 30),
(422, 3, 45),
(422, 4, 10),
(422, 57, 60),
(422, 576, 20),
(422, 1055, 45),
(422, 3727, 300),
(423, 6, 5),
(423, 39, 100),
(423, 41, 50),
(423, 100, 1),
(423, 208, 10),
(423, 576, 3),
(423, 672, 60),
(423, 913, 3),
(423, 4757, 70),
(425, 1692, 70),
(426, 6, 5),
(426, 41, 100),
(426, 62, 1),
(426, 97, 10),
(426, 100, 2),
(426, 200, 2),
(426, 417, 200),
(426, 599, 10),
(426, 856, 12),
(426, 1692, 70),
(426, 4778, 100),
(427, 56, 70),
(427, 62, 3),
(427, 100, 1),
(427, 576, 3),
(427, 856, 6),
(427, 913, 2),
(427, 2472, 50),
(427, 4798, 75),
(428, 6, 5),
(428, 39, 100),
(428, 41, 100),
(428, 62, 4),
(428, 64, 1),
(428, 97, 10),
(428, 576, 3),
(428, 672, 100),
(428, 913, 5),
(428, 4798, 150),
(429, 41, 100),
(429, 62, 2),
(429, 97, 20),
(429, 100, 1),
(429, 165, 8),
(429, 535, 250),
(429, 1485, 28),
(429, 1692, 140),
(430, 1, 300),
(430, 2, 100),
(430, 62, 1),
(430, 64, 1),
(430, 97, 5),
(430, 763, 50),
(430, 1692, 70),
(431, 6, 5),
(431, 38, 70),
(431, 62, 3),
(431, 97, 10),
(431, 100, 2),
(431, 576, 4),
(431, 913, 3),
(431, 1485, 28),
(431, 2472, 100),
(432, 41, 100),
(432, 97, 30),
(432, 119, 60),
(432, 165, 8),
(432, 535, 500),
(432, 1692, 140),
(433, 4, 10),
(433, 38, 30),
(433, 258, 20),
(433, 912, 4),
(433, 1485, 21),
(433, 1486, 15),
(433, 1692, 70),
(433, 2323, 60),
(434, 62, 1),
(434, 64, 1),
(434, 97, 20),
(434, 1692, 140),
(434, 2236, 360),
(434, 4692, 200),
(435, 97, 5),
(435, 247, 100),
(435, 856, 6),
(435, 1485, 14),
(435, 4692, 100),
(435, 4798, 50),
(436, 2, 100),
(436, 16, 20),
(436, 149, 15),
(436, 4935, 50),
(437, 3, 75),
(437, 16, 60),
(437, 60, 6),
(437, 100, 3),
(437, 261, 3),
(437, 4942, 150),
(438, 3, 75),
(438, 4, 20),
(438, 60, 6),
(438, 247, 50),
(438, 277, 20),
(438, 950, 24),
(439, 4, 5),
(439, 41, 50),
(439, 57, 120),
(439, 535, 100),
(439, 763, 50),
(439, 4935, 50),
(440, 216, 200),
(440, 348, 48),
(440, 1054, 250),
(440, 1692, 140),
(441, 2, 100),
(441, 4, 5),
(441, 6, 5),
(441, 247, 100),
(441, 625, 50),
(441, 1692, 50),
(442, 2, 80),
(442, 5, 16),
(442, 6, 5),
(442, 41, 50),
(442, 97, 10),
(442, 1759, 40),
(442, 1895, 120),
(442, 4999, 100),
(443, 97, 10),
(443, 160, 45),
(443, 1692, 140),
(444, 41, 100),
(444, 97, 10),
(444, 1365, 75),
(444, 1692, 70),
(444, 2236, 90),
(444, 2323, 60),
(445, 2, 100),
(445, 4, 5),
(445, 6, 5),
(445, 763, 50),
(445, 856, 12),
(445, 4633, 200),
(446, 4, 5),
(446, 6, 5),
(446, 535, 50),
(446, 763, 50),
(446, 1692, 70),
(446, 4633, 50),
(447, 2, 100),
(447, 41, 25),
(447, 51, 20),
(447, 422, 5),
(447, 576, 10),
(447, 1692, 70),
(448, 147, 500),
(448, 148, 24),
(448, 150, 30),
(448, 315, 20),
(448, 480, 275),
(448, 1055, 30),
(448, 4534, 140),
(448, 5071, 96),
(448, 5076, 10),
(449, 60, 12),
(449, 62, 1),
(449, 163, 3),
(449, 731, 140),
(449, 1197, 1),
(449, 2170, 20),
(449, 5086, 200),
(449, 5088, 130),
(450, 296, 45),
(450, 1809, 125),
(450, 4038, 68),
(451, 89, 120),
(451, 113, 300),
(451, 5110, 40),
(452, 296, 135),
(452, 631, 70),
(453, 56, 70),
(453, 60, 18),
(453, 1197, 1),
(454, 113, 90),
(454, 135, 90),
(454, 159, 52),
(454, 348, 36),
(454, 397, 80),
(454, 672, 160),
(454, 1002, 60),
(454, 1921, 40),
(454, 2405, 150),
(455, 62, 3),
(455, 97, 20),
(455, 100, 1),
(455, 177, 400),
(455, 425, 3),
(455, 595, 165),
(455, 781, 3),
(455, 856, 18),
(455, 912, 4),
(455, 1692, 105),
(456, 41, 50),
(456, 97, 10),
(456, 160, 90),
(456, 161, 100),
(456, 297, 56),
(456, 515, 72),
(456, 595, 90),
(457, 274, 84),
(457, 5176, 210),
(458, 150, 30),
(458, 316, 32),
(459, 38, 35),
(459, 62, 1),
(459, 100, 2),
(459, 297, 168),
(459, 422, 10),
(459, 856, 12),
(459, 4778, 80),
(460, 60, 12),
(460, 97, 10),
(460, 136, 15),
(460, 148, 12),
(460, 198, 120),
(460, 296, 45),
(460, 576, 7),
(460, 1189, 200),
(460, 1363, 225),
(461, 89, 120),
(461, 127, 80),
(461, 135, 12),
(461, 149, 15),
(461, 201, 10),
(461, 659, 50),
(461, 1728, 100),
(461, 4005, 125),
(462, 296, 22),
(462, 1066, 70),
(462, 1728, 250),
(463, 597, 20),
(463, 1270, 40),
(463, 4177, 20),
(463, 5238, 70),
(464, 41, 50),
(464, 630, 160),
(464, 2404, 9),
(465, 159, 52),
(465, 315, 30),
(465, 364, 140),
(466, 127, 160),
(466, 241, 52),
(466, 315, 30),
(467, 87, 250),
(467, 89, 120),
(467, 506, 65),
(468, 227, 250),
(469, 239, 280),
(469, 315, 30),
(469, 403, 150),
(469, 1054, 150),
(469, 2422, 220),
(470, 1, 100),
(470, 2, 120),
(470, 6, 3),
(470, 38, 40),
(470, 62, 2),
(470, 100, 2),
(470, 297, 168),
(470, 576, 5),
(470, 763, 25),
(471, 160, 90),
(471, 297, 112),
(471, 596, 42),
(471, 1728, 60),
(472, 239, 140),
(472, 364, 140),
(472, 1055, 15),
(473, 119, 260),
(473, 200, 10),
(473, 2939, 60),
(474, 1, 300),
(474, 93, 200),
(474, 97, 10),
(474, 177, 200),
(474, 397, 15),
(474, 515, 24),
(474, 731, 210),
(475, 4, 15),
(475, 6, 5),
(475, 41, 100),
(475, 62, 1),
(475, 93, 300),
(475, 100, 2),
(475, 160, 60),
(475, 165, 4),
(475, 177, 400),
(475, 385, 1),
(475, 425, 3),
(475, 731, 210),
(476, 100, 2),
(476, 544, 30),
(476, 546, 1),
(476, 1002, 15),
(476, 1757, 72),
(477, 4, 5),
(477, 6, 5),
(477, 297, 56),
(477, 459, 25),
(477, 460, 45),
(477, 763, 100),
(477, 4633, 100),
(478, 41, 50),
(478, 97, 15),
(478, 247, 125),
(478, 272, 80),
(478, 297, 56),
(478, 460, 150),
(478, 2323, 30),
(479, 39, 200),
(479, 41, 50),
(479, 97, 20),
(479, 297, 56),
(479, 460, 150),
(480, 3, 15),
(480, 6, 10),
(480, 39, 200),
(480, 97, 10),
(480, 100, 3),
(480, 149, 30),
(480, 165, 8),
(480, 261, 5),
(480, 297, 56),
(480, 332, 24),
(480, 515, 60),
(480, 856, 18),
(480, 1215, 330),
(481, 97, 30),
(481, 100, 1),
(481, 119, 60),
(481, 121, 45),
(481, 149, 45),
(481, 295, 450),
(481, 297, 56),
(481, 459, 75),
(481, 460, 90),
(481, 625, 60),
(481, 2502, 250),
(482, 87, 250),
(482, 89, 120),
(482, 97, 5),
(482, 119, 60),
(482, 297, 56),
(482, 515, 96),
(482, 625, 100),
(482, 1681, 8),
(482, 2289, 200),
(483, 87, 250),
(483, 97, 15),
(483, 297, 56),
(483, 464, 40),
(483, 515, 120),
(483, 1002, 125),
(484, 159, 39),
(484, 315, 20),
(484, 1002, 250),
(485, 89, 240),
(485, 150, 90),
(485, 200, 5),
(485, 246, 500),
(485, 315, 20),
(485, 2948, 2),
(486, 6, 10),
(486, 41, 100),
(486, 64, 2),
(486, 258, 200),
(486, 296, 225),
(486, 595, 150),
(486, 731, 420),
(486, 856, 6),
(486, 1068, 100),
(486, 1265, 240),
(486, 1983, 20),
(486, 3771, 30),
(486, 5076, 5),
(487, 100, 3),
(487, 200, 5),
(487, 297, 112),
(487, 348, 48),
(487, 2948, 4),
(487, 4005, 500),
(488, 1265, 120),
(489, 3, 60),
(489, 4, 10),
(489, 216, 30),
(489, 597, 20),
(489, 630, 40),
(490, 200, 3),
(490, 295, 150),
(490, 297, 56),
(490, 5554, 20),
(491, 89, 120),
(491, 97, 2),
(491, 135, 12),
(491, 136, 15),
(491, 200, 1),
(491, 258, 20),
(491, 276, 5),
(491, 297, 112),
(491, 659, 25),
(491, 5562, 32),
(491, 5564, 25),
(492, 39, 100),
(492, 41, 100),
(492, 97, 10),
(492, 1215, 220),
(492, 2405, 240),
(493, 132, 40),
(493, 136, 15),
(493, 200, 5),
(493, 2289, 200),
(494, 97, 10),
(494, 100, 1),
(494, 136, 45),
(494, 209, 10),
(494, 241, 104),
(494, 247, 50),
(494, 880, 10),
(494, 1363, 100),
(495, 89, 120),
(495, 136, 15),
(495, 201, 40),
(496, 6, 5),
(496, 60, 6),
(496, 97, 20),
(496, 136, 30),
(496, 535, 250),
(496, 4999, 150),
(497, 100, 2),
(497, 149, 30),
(497, 165, 4),
(497, 216, 200),
(497, 422, 20),
(498, 189, 150),
(498, 630, 120),
(498, 1129, 130),
(498, 2427, 3),
(499, 100, 1),
(499, 119, 40),
(499, 165, 4),
(499, 297, 112),
(499, 332, 48),
(500, 87, 375),
(500, 89, 120),
(500, 97, 5),
(500, 119, 20),
(500, 297, 56),
(500, 403, 75),
(500, 515, 48),
(500, 625, 50),
(500, 1681, 8),
(500, 2289, 100),
(502, 89, 120),
(502, 132, 70),
(502, 200, 5),
(502, 246, 125),
(502, 258, 100),
(502, 348, 12),
(503, 89, 120),
(503, 132, 160),
(503, 136, 120),
(503, 274, 24),
(503, 301, 32),
(503, 315, 60),
(503, 546, 3),
(503, 4005, 125),
(504, 89, 120),
(504, 97, 5),
(504, 132, 50),
(504, 192, 20),
(504, 276, 75),
(504, 364, 140),
(505, 119, 200),
(505, 122, 10),
(505, 132, 40),
(505, 200, 5),
(505, 3801, 80),
(506, 121, 7),
(506, 132, 30),
(506, 316, 16),
(506, 317, 14),
(506, 1694, 5),
(507, 87, 250),
(507, 121, 15),
(507, 132, 40),
(507, 150, 15),
(507, 364, 140),
(508, 132, 40),
(508, 189, 100),
(508, 199, 10),
(509, 89, 120),
(509, 119, 200),
(509, 132, 40),
(509, 200, 5),
(510, 132, 40),
(510, 135, 6),
(510, 227, 250),
(510, 659, 50),
(511, 132, 40),
(511, 149, 15),
(511, 5784, 80),
(512, 122, 10),
(512, 132, 30),
(512, 315, 25),
(513, 132, 30),
(513, 149, 7),
(513, 258, 120),
(513, 665, 100),
(514, 132, 30),
(514, 317, 21),
(514, 1129, 70),
(515, 132, 30),
(515, 136, 15),
(515, 200, 5),
(515, 258, 160),
(515, 295, 150),
(516, 364, 140),
(516, 506, 100),
(516, 3985, 250),
(516, 5823, 50),
(517, 89, 120),
(517, 132, 30),
(517, 150, 7),
(517, 258, 160),
(518, 122, 10),
(518, 132, 30),
(518, 258, 160),
(518, 403, 225),
(519, 119, 250),
(519, 122, 5),
(519, 132, 50),
(519, 348, 12),
(519, 403, 150),
(520, 132, 40),
(520, 150, 15),
(520, 364, 140),
(521, 89, 120),
(521, 132, 40),
(521, 403, 75),
(522, 132, 30),
(522, 361, 200),
(522, 665, 50),
(522, 1901, 14),
(522, 4005, 250),
(522, 4534, 10),
(523, 132, 30),
(523, 361, 100),
(524, 121, 30),
(524, 122, 10),
(524, 132, 30),
(524, 258, 200),
(525, 89, 120),
(525, 132, 40),
(525, 364, 70),
(525, 927, 9),
(526, 132, 30),
(526, 148, 24),
(526, 258, 160),
(526, 277, 10),
(527, 132, 30),
(527, 148, 24),
(527, 201, 10),
(528, 137, 8),
(528, 208, 100),
(528, 245, 300),
(528, 278, 50),
(528, 297, 112),
(528, 348, 96),
(528, 810, 45),
(529, 147, 250),
(529, 201, 30),
(529, 348, 24),
(529, 665, 50),
(530, 100, 2),
(530, 134, 240),
(530, 137, 7),
(530, 208, 60),
(530, 261, 4),
(530, 297, 280),
(530, 304, 20),
(530, 810, 30),
(530, 1619, 3),
(531, 100, 6),
(531, 134, 220),
(531, 147, 250),
(531, 200, 10),
(531, 297, 168),
(531, 348, 192),
(531, 417, 400),
(531, 424, 3),
(531, 949, 60),
(531, 2948, 3),
(531, 5963, 1),
(532, 6, 10),
(532, 39, 200),
(532, 41, 50),
(532, 57, 180),
(532, 208, 30),
(532, 297, 504),
(532, 535, 150),
(533, 37, 100),
(533, 41, 50),
(533, 161, 200),
(533, 297, 56),
(533, 736, 10),
(533, 1085, 660),
(534, 121, 15),
(534, 135, 12),
(534, 149, 45),
(534, 315, 180),
(535, 1, 900),
(535, 6, 10),
(535, 25, 400),
(535, 41, 100),
(535, 163, 3),
(535, 165, 4),
(535, 177, 400),
(535, 208, 40),
(535, 1486, 120),
(535, 6013, 200),
(536, 38, 70),
(536, 41, 100),
(536, 56, 140),
(536, 208, 20),
(536, 297, 224),
(536, 856, 12),
(537, 134, 200),
(537, 137, 2),
(537, 200, 5),
(537, 208, 60),
(537, 209, 30),
(537, 886, 5),
(537, 2948, 3),
(537, 5963, 1),
(538, 89, 120),
(538, 200, 3),
(538, 208, 10),
(538, 295, 150),
(538, 297, 112),
(538, 810, 30),
(539, 147, 375),
(539, 149, 60),
(539, 200, 10),
(539, 209, 50),
(539, 417, 350),
(539, 6074, 16),
(540, 6, 5),
(540, 41, 50),
(540, 134, 40),
(540, 163, 3),
(540, 297, 56),
(540, 576, 20),
(540, 856, 24),
(541, 1, 150),
(541, 4, 10),
(541, 41, 100),
(541, 62, 4),
(541, 100, 1),
(541, 147, 125),
(541, 245, 200),
(541, 296, 45),
(541, 498, 4),
(541, 499, 2),
(541, 1068, 50),
(541, 2427, 1),
(541, 2948, 3),
(542, 87, 50),
(542, 97, 5),
(542, 278, 20),
(542, 297, 56),
(542, 515, 36),
(542, 1063, 135),
(543, 87, 250),
(543, 97, 20),
(543, 137, 2),
(543, 148, 24),
(543, 200, 5),
(543, 295, 150),
(543, 297, 56),
(543, 515, 96),
(544, 38, 140),
(544, 41, 100),
(544, 57, 240),
(544, 97, 10),
(544, 165, 4),
(544, 480, 120),
(544, 498, 4),
(544, 499, 2),
(544, 6154, 80),
(545, 274, 18),
(546, 4, 20),
(546, 60, 12),
(546, 62, 1),
(546, 93, 400),
(546, 100, 3),
(546, 763, 50),
(546, 856, 12),
(546, 912, 2),
(546, 2149, 18),
(547, 136, 30),
(547, 272, 140),
(547, 348, 24),
(547, 1905, 100),
(547, 1908, 20),
(548, 4, 10),
(548, 38, 140),
(548, 297, 112),
(548, 422, 10),
(548, 630, 40),
(549, 4, 10),
(549, 6, 5),
(549, 1290, 40),
(549, 1486, 90),
(550, 38, 70),
(550, 97, 20),
(550, 297, 56),
(550, 422, 10),
(550, 731, 70),
(550, 1895, 120),
(550, 2048, 30),
(551, 57, 60),
(551, 216, 200),
(551, 258, 40),
(551, 297, 56),
(551, 382, 16),
(551, 397, 5),
(551, 572, 60),
(551, 595, 90),
(552, 38, 70),
(552, 56, 140),
(552, 60, 12),
(552, 62, 1),
(552, 100, 1),
(552, 272, 120),
(552, 777, 90),
(552, 856, 18),
(552, 1265, 60),
(552, 1983, 20),
(552, 3833, 50),
(553, 5, 32),
(553, 56, 140),
(553, 100, 5),
(553, 165, 8),
(553, 272, 200),
(553, 856, 12),
(553, 912, 2),
(554, 6, 5),
(554, 62, 1),
(554, 64, 1),
(554, 97, 20),
(554, 272, 200),
(554, 1265, 180),
(554, 1379, 60),
(554, 3833, 50),
(554, 6287, 10),
(554, 6288, 6),
(555, 4, 20),
(555, 6, 5),
(555, 114, 10),
(555, 856, 12),
(555, 1485, 21),
(556, 62, 2),
(556, 64, 1),
(556, 258, 20),
(556, 297, 56),
(556, 397, 5),
(556, 422, 10),
(556, 572, 60),
(556, 1895, 90),
(557, 4, 10),
(557, 422, 10),
(557, 630, 120),
(557, 1809, 125),
(558, 6, 5),
(558, 41, 100),
(558, 97, 5),
(558, 100, 2),
(558, 304, 75),
(558, 790, 20),
(558, 6338, 60),
(559, 4, 10),
(559, 5, 16),
(559, 38, 140),
(559, 422, 10),
(559, 1290, 40),
(559, 1895, 90),
(560, 5, 16),
(560, 100, 2),
(560, 119, 40),
(560, 422, 10),
(560, 1983, 20),
(560, 6362, 100),
(561, 5, 32),
(561, 41, 150),
(561, 60, 12),
(561, 62, 3),
(561, 97, 30),
(561, 100, 3),
(561, 296, 45),
(561, 297, 56),
(561, 420, 45),
(561, 498, 5),
(561, 499, 4),
(561, 789, 32),
(561, 1068, 50),
(561, 1379, 60),
(562, 6, 5),
(562, 41, 100),
(562, 62, 1),
(562, 64, 1),
(562, 277, 85),
(562, 480, 85),
(562, 6406, 5),
(562, 6407, 3),
(563, 39, 100),
(563, 41, 50),
(563, 97, 15),
(563, 119, 100),
(563, 160, 90),
(563, 297, 56),
(563, 856, 6),
(563, 6421, 75),
(563, 6422, 75),
(564, 97, 10),
(564, 119, 120),
(564, 297, 56),
(564, 348, 24),
(564, 403, 150),
(564, 625, 100),
(564, 6421, 75),
(564, 6422, 75),
(565, 6, 5),
(565, 97, 15),
(565, 119, 100),
(565, 160, 60),
(565, 297, 56),
(565, 856, 6),
(565, 4633, 100),
(565, 6421, 75),
(565, 6422, 75),
(566, 41, 200),
(566, 97, 10),
(566, 177, 400),
(566, 1692, 105),
(567, 4, 20),
(567, 100, 4),
(567, 546, 1),
(567, 1002, 90),
(568, 208, 40),
(568, 297, 55),
(568, 2197, 130),
(569, 4, 5),
(569, 6, 5),
(569, 39, 200),
(569, 60, 12),
(569, 62, 2),
(569, 100, 3),
(569, 130, 125),
(569, 790, 20),
(569, 856, 18),
(569, 1692, 105),
(569, 2149, 18),
(569, 3833, 100),
(570, 99, 14),
(570, 113, 30),
(570, 127, 160),
(570, 132, 20),
(570, 302, 7),
(570, 2422, 100),
(571, 855, 200),
(571, 1365, 150),
(571, 1485, 42),
(572, 39, 160),
(572, 97, 10),
(572, 245, 400),
(572, 297, 56),
(572, 2405, 30),
(573, 6, 30),
(573, 62, 3),
(573, 100, 3),
(573, 425, 4),
(573, 498, 4),
(573, 499, 3),
(573, 1223, 3),
(573, 6544, 1000),
(574, 6, 10),
(574, 62, 3),
(574, 64, 3),
(574, 97, 10),
(574, 763, 100),
(574, 2472, 500),
(574, 4633, 200),
(575, 4, 10),
(575, 57, 120),
(575, 245, 100),
(575, 417, 200),
(575, 1619, 5),
(576, 397, 10),
(576, 856, 6),
(576, 1290, 20),
(576, 5086, 100),
(577, 1363, 225),
(578, 97, 25),
(578, 272, 200),
(578, 385, 2),
(578, 912, 4),
(578, 913, 3),
(579, 5, 24),
(579, 57, 240),
(579, 60, 12),
(579, 62, 1),
(579, 64, 1),
(579, 97, 20),
(579, 258, 180),
(579, 731, 280),
(580, 60, 6),
(580, 62, 3),
(580, 97, 10),
(580, 100, 1),
(580, 261, 5),
(580, 6620, 150),
(581, 192, 5),
(581, 200, 1),
(581, 295, 150),
(581, 348, 12),
(582, 6, 5),
(582, 41, 50),
(582, 62, 2),
(582, 64, 1),
(582, 97, 15),
(582, 856, 24),
(582, 1723, 210),
(583, 4, 5),
(583, 731, 280),
(584, 136, 15),
(584, 148, 12),
(584, 295, 150),
(585, 89, 60),
(585, 135, 6),
(585, 136, 90),
(585, 149, 15),
(585, 278, 5),
(585, 459, 25),
(585, 515, 36),
(585, 546, 3),
(585, 672, 20),
(585, 1002, 10),
(585, 4263, 65),
(585, 6668, 30),
(585, 6671, 20),
(585, 6674, 10),
(586, 4, 10),
(586, 60, 6),
(586, 163, 1),
(586, 3143, 150),
(587, 56, 140),
(587, 100, 3),
(587, 272, 60),
(587, 731, 420),
(587, 856, 18),
(588, 60, 12),
(588, 97, 10),
(589, 60, 6),
(589, 596, 140),
(589, 637, 300),
(590, 57, 120),
(590, 160, 15),
(590, 856, 12),
(590, 1290, 80),
(591, 4, 20),
(591, 41, 50),
(591, 60, 3),
(591, 62, 3),
(591, 100, 3),
(591, 121, 30),
(591, 132, 40),
(591, 161, 50),
(591, 296, 135),
(591, 297, 56),
(591, 425, 4),
(591, 498, 2),
(591, 499, 2),
(591, 1002, 250),
(591, 1066, 70),
(591, 1379, 60),
(592, 62, 2),
(592, 97, 10),
(592, 348, 12),
(592, 385, 2),
(592, 880, 10),
(592, 913, 2),
(592, 1290, 40),
(592, 6760, 120),
(593, 97, 5),
(593, 1066, 140),
(593, 1759, 20),
(593, 4692, 100),
(594, 6, 5),
(594, 60, 6),
(594, 62, 4),
(594, 97, 10),
(594, 100, 3),
(594, 6784, 200),
(595, 97, 100),
(595, 258, 40),
(595, 274, 36),
(595, 297, 112),
(595, 464, 60),
(595, 1054, 500),
(595, 2405, 240),
(596, 41, 50),
(596, 62, 2),
(596, 97, 20),
(596, 100, 1),
(596, 216, 100),
(596, 515, 240),
(596, 731, 140),
(597, 6, 5),
(597, 41, 100),
(597, 97, 20),
(597, 100, 5),
(597, 515, 216),
(597, 856, 30),
(597, 1002, 125),
(597, 1223, 5),
(598, 4, 5),
(598, 6, 5),
(598, 297, 56),
(598, 625, 100),
(598, 4633, 300),
(598, 6421, 225),
(599, 62, 1),
(599, 100, 1),
(599, 163, 2),
(600, 62, 2),
(600, 64, 1),
(600, 97, 20),
(600, 121, 30),
(600, 295, 150),
(600, 3649, 130),
(601, 97, 20),
(601, 127, 160),
(601, 241, 75),
(601, 1438, 20),
(602, 913, 3),
(603, 5, 8),
(603, 37, 250),
(603, 97, 10),
(603, 258, 80),
(603, 595, 60),
(603, 855, 120),
(603, 1379, 120),
(604, 62, 3),
(604, 97, 5),
(604, 100, 1),
(604, 114, 10),
(604, 425, 3),
(605, 1, 200),
(605, 41, 50),
(605, 97, 10),
(605, 119, 150),
(605, 177, 200),
(605, 192, 10),
(605, 856, 12),
(605, 886, 5),
(605, 1290, 40),
(606, 1, 300),
(606, 57, 240),
(606, 60, 3),
(606, 93, 200),
(606, 97, 20),
(607, 198, 52),
(607, 208, 10),
(607, 6932, 125),
(608, 57, 120),
(608, 62, 2),
(608, 64, 1),
(608, 97, 10),
(608, 160, 60),
(608, 163, 2),
(608, 165, 2),
(608, 1066, 280),
(608, 6940, 120),
(609, 2, 100),
(609, 97, 10),
(609, 100, 2),
(609, 160, 120),
(609, 165, 4),
(609, 856, 12),
(610, 5, 8),
(610, 62, 1),
(610, 64, 1),
(610, 97, 20),
(610, 247, 50),
(610, 630, 120),
(610, 731, 210),
(610, 1365, 150),
(610, 1485, 28),
(610, 1486, 30),
(610, 2898, 60),
(611, 1, 150),
(611, 4, 10),
(611, 729, 250),
(611, 855, 60),
(611, 856, 12),
(612, 57, 120),
(612, 97, 5),
(612, 160, 60),
(612, 161, 25),
(612, 297, 56),
(612, 546, 1),
(612, 2716, 45),
(612, 4015, 15),
(613, 1, 100),
(613, 4, 10),
(613, 62, 1),
(613, 100, 1),
(613, 297, 56),
(613, 1002, 50),
(613, 1066, 20),
(613, 1757, 60),
(613, 2864, 10),
(614, 2, 200),
(614, 4, 10),
(614, 6, 10),
(614, 89, 120),
(614, 97, 10),
(614, 100, 3),
(614, 246, 250),
(614, 297, 56),
(614, 304, 70),
(614, 332, 16),
(614, 348, 24),
(614, 422, 15),
(614, 457, 50),
(614, 515, 300),
(614, 600, 32),
(614, 763, 75),
(614, 912, 2),
(614, 1162, 150),
(614, 1983, 20),
(614, 2715, 100),
(614, 4130, 250),
(614, 4633, 150),
(615, 89, 120),
(615, 97, 10),
(615, 119, 90),
(615, 132, 50),
(615, 297, 56),
(615, 348, 24),
(616, 89, 120),
(616, 208, 10),
(616, 227, 125),
(616, 304, 5),
(616, 2405, 45),
(617, 89, 120),
(617, 113, 60),
(617, 208, 5),
(617, 297, 56),
(617, 810, 45),
(618, 89, 120),
(618, 97, 10),
(618, 276, 100),
(618, 1002, 200),
(618, 2108, 120),
(619, 97, 5),
(619, 216, 100),
(619, 297, 56),
(619, 546, 3),
(619, 1759, 40),
(620, 1, 300),
(620, 38, 140),
(620, 100, 1),
(620, 163, 3),
(620, 165, 3),
(620, 296, 90),
(620, 297, 56),
(620, 302, 21),
(621, 88, 50),
(621, 97, 10),
(621, 119, 100),
(621, 136, 30),
(621, 209, 30),
(621, 277, 30),
(621, 440, 104),
(621, 1063, 135),
(622, 89, 120),
(622, 208, 5),
(622, 297, 56),
(622, 405, 50),
(622, 3430, 100),
(623, 88, 200),
(623, 297, 56),
(623, 348, 24),
(623, 1473, 60),
(624, 89, 120),
(624, 150, 22),
(624, 297, 56),
(624, 460, 60),
(624, 7189, 50),
(624, 7190, 50),
(625, 5, 24),
(625, 41, 100),
(625, 62, 1),
(625, 64, 1),
(625, 97, 10),
(625, 247, 50),
(625, 258, 20),
(625, 297, 56),
(625, 460, 30),
(625, 630, 80),
(625, 855, 120),
(625, 1895, 120),
(626, 258, 180),
(626, 2231, 100),
(626, 7224, 30),
(627, 258, 200),
(627, 277, 10),
(627, 583, 85),
(627, 7224, 30),
(628, 119, 200),
(628, 121, 15),
(628, 149, 15),
(628, 7237, 21),
(629, 132, 40),
(629, 361, 100),
(629, 665, 50),
(629, 4005, 200),
(630, 132, 40),
(630, 150, 15),
(630, 200, 1),
(630, 1129, 140),
(630, 3801, 40),
(631, 89, 120),
(631, 121, 15),
(631, 122, 20),
(631, 258, 200),
(631, 7264, 50),
(632, 60, 6),
(632, 97, 10),
(632, 163, 1),
(633, 361, 200),
(633, 665, 100),
(633, 4199, 250),
(634, 2, 120),
(634, 4, 5),
(634, 60, 6),
(634, 62, 2),
(634, 122, 5),
(634, 600, 24),
(634, 1619, 5),
(635, 1, 300),
(635, 6, 10),
(635, 41, 50),
(635, 62, 3),
(635, 97, 10),
(635, 100, 2),
(635, 159, 104),
(635, 163, 2),
(635, 165, 4),
(635, 177, 400),
(635, 856, 18),
(635, 1723, 90),
(636, 165, 4),
(636, 216, 200),
(637, 4, 10),
(637, 57, 240),
(637, 62, 2),
(637, 149, 15),
(637, 163, 3),
(637, 1486, 15),
(638, 57, 240),
(638, 62, 1),
(638, 64, 1),
(638, 1438, 40),
(639, 1, 300),
(639, 6, 5),
(639, 39, 200),
(639, 97, 10),
(639, 100, 3),
(639, 296, 90),
(639, 913, 4),
(639, 1692, 140),
(640, 147, 125),
(640, 159, 39),
(640, 200, 2),
(640, 1129, 130),
(641, 132, 30),
(641, 274, 18),
(641, 925, 70),
(642, 89, 120);
INSERT INTO `wiersze_posilkow` (`id_posilku`, `id_produktu`, `waga_w_gramach`) VALUES
(642, 192, 10),
(642, 948, 45),
(642, 1129, 130),
(643, 5, 16),
(643, 159, 160),
(643, 177, 200),
(643, 247, 50),
(643, 296, 90),
(644, 6, 5),
(644, 41, 100),
(644, 62, 1),
(644, 64, 1),
(644, 261, 4),
(644, 297, 56),
(644, 729, 2500),
(644, 789, 60),
(644, 953, 3),
(644, 1473, 12),
(644, 3604, 500),
(644, 6074, 15),
(645, 297, 56),
(645, 789, 48),
(645, 856, 18),
(646, 41, 50),
(646, 97, 20),
(646, 100, 1),
(646, 159, 104),
(646, 163, 3),
(646, 165, 4),
(646, 856, 18),
(647, 5, 40),
(647, 41, 100),
(647, 97, 20),
(647, 297, 56),
(647, 736, 10),
(647, 1290, 40),
(647, 6422, 60),
(647, 7438, 400),
(648, 57, 120),
(648, 160, 30),
(648, 3286, 60),
(649, 62, 1),
(649, 64, 1),
(649, 417, 200),
(649, 2948, 1),
(650, 1, 300),
(650, 4, 30),
(650, 6, 10),
(650, 38, 140),
(650, 41, 100),
(650, 57, 480),
(650, 93, 200),
(650, 100, 2),
(650, 163, 1),
(650, 165, 4),
(650, 261, 1),
(650, 595, 75),
(650, 1619, 1),
(651, 100, 1),
(651, 397, 25),
(651, 515, 36),
(652, 6, 10),
(652, 39, 160),
(652, 63, 2),
(652, 97, 10),
(652, 160, 45),
(652, 161, 100),
(652, 241, 150),
(652, 425, 2),
(652, 913, 2),
(652, 946, 150),
(653, 6, 5),
(653, 41, 50),
(653, 62, 3),
(653, 97, 5),
(653, 100, 3),
(653, 114, 30),
(653, 348, 12),
(653, 949, 15),
(653, 1290, 40),
(653, 1921, 20),
(653, 1983, 10),
(653, 2948, 5),
(653, 4633, 200),
(653, 4692, 150),
(653, 7521, 150),
(654, 1, 300),
(654, 51, 80),
(654, 600, 32),
(655, 1, 300),
(655, 97, 10),
(655, 216, 100),
(655, 422, 20),
(656, 38, 140),
(656, 41, 100),
(656, 97, 30),
(656, 245, 200),
(657, 5, 16),
(657, 37, 500),
(657, 62, 1),
(657, 64, 1),
(657, 97, 10),
(657, 163, 3),
(657, 948, 102),
(658, 62, 1),
(658, 100, 3),
(658, 296, 90),
(658, 498, 3),
(658, 499, 2),
(658, 856, 6),
(658, 1068, 50),
(658, 1379, 60),
(658, 7586, 160),
(658, 7587, 150),
(659, 198, 45),
(659, 199, 15),
(659, 200, 5),
(659, 201, 5),
(659, 348, 12),
(659, 361, 200),
(659, 886, 5),
(660, 97, 20),
(660, 382, 16),
(660, 597, 40),
(660, 630, 40),
(660, 1486, 30),
(660, 1895, 120),
(660, 2197, 65),
(661, 5, 16),
(661, 62, 3),
(661, 100, 1),
(661, 535, 50),
(661, 856, 30),
(662, 1, 150),
(662, 4, 10),
(662, 57, 120),
(662, 60, 12),
(662, 62, 3),
(662, 100, 1),
(662, 1619, 2),
(663, 177, 200),
(663, 200, 3),
(663, 296, 90),
(663, 572, 120),
(663, 1066, 280),
(663, 1068, 50),
(663, 1379, 240),
(664, 241, 60),
(665, 198, 60),
(666, 6, 5),
(666, 39, 120),
(666, 97, 10),
(666, 198, 60),
(666, 595, 45),
(666, 736, 10),
(666, 913, 2),
(666, 2472, 100),
(667, 258, 100),
(667, 364, 140),
(667, 6940, 75),
(668, 113, 60),
(668, 241, 45),
(668, 348, 24),
(668, 4005, 250),
(669, 4, 5),
(669, 5, 16),
(669, 6, 5),
(669, 39, 160),
(669, 41, 100),
(669, 57, 180),
(669, 97, 5),
(669, 100, 2),
(669, 136, 30),
(669, 198, 50),
(669, 200, 5),
(669, 241, 105),
(669, 272, 200),
(669, 385, 1),
(669, 422, 10),
(669, 425, 4),
(669, 729, 250),
(669, 856, 18),
(669, 1822, 70),
(670, 4, 10),
(670, 5, 16),
(670, 38, 70),
(670, 39, 160),
(670, 57, 240),
(670, 63, 1),
(670, 198, 90),
(670, 856, 18),
(670, 1822, 80),
(671, 4, 10),
(671, 98, 10),
(671, 127, 80),
(671, 883, 3),
(671, 1290, 40),
(671, 3833, 25),
(672, 3, 45),
(672, 4, 10),
(672, 396, 100),
(672, 422, 20),
(672, 1290, 10),
(673, 2, 80),
(673, 4, 10),
(673, 6, 5),
(673, 60, 6),
(673, 62, 2),
(673, 100, 1),
(673, 163, 1),
(673, 396, 25),
(674, 56, 140),
(674, 57, 240),
(674, 62, 1),
(674, 64, 1),
(674, 97, 20),
(674, 160, 60),
(674, 348, 12),
(674, 572, 60),
(674, 1486, 30),
(674, 1983, 10),
(675, 4, 5),
(675, 51, 20),
(675, 57, 480),
(675, 93, 200),
(675, 100, 2),
(675, 160, 120),
(675, 247, 200),
(675, 576, 5),
(675, 912, 2),
(675, 1486, 60),
(675, 7826, 15),
(676, 4, 10),
(676, 57, 60),
(676, 160, 45),
(676, 163, 1),
(676, 247, 50),
(677, 4, 40),
(677, 57, 120),
(677, 60, 12),
(677, 163, 6),
(677, 396, 60),
(678, 361, 200),
(678, 1055, 15),
(678, 2231, 220),
(679, 4, 10),
(679, 41, 50),
(679, 57, 120),
(679, 630, 80),
(679, 763, 50),
(679, 1270, 60),
(679, 1486, 45),
(679, 2357, 60),
(680, 2, 60),
(680, 4, 20),
(680, 60, 6),
(680, 100, 1),
(680, 163, 3),
(680, 630, 40),
(680, 763, 50),
(680, 1270, 20),
(680, 1486, 15),
(681, 258, 250),
(681, 296, 100),
(681, 297, 168),
(681, 383, 10),
(681, 731, 140),
(681, 1068, 100),
(681, 1265, 180),
(681, 1379, 200),
(681, 2048, 90),
(682, 38, 40),
(682, 119, 20),
(682, 297, 56),
(682, 422, 5),
(682, 535, 250),
(682, 1692, 50),
(683, 38, 70),
(683, 39, 100),
(683, 41, 50),
(683, 97, 20),
(683, 1692, 105),
(683, 1845, 150),
(684, 1, 100),
(684, 4, 5),
(684, 595, 15),
(684, 1486, 15),
(684, 1692, 70),
(684, 7946, 50),
(685, 2, 200),
(685, 277, 10),
(685, 597, 40),
(685, 1486, 30),
(685, 1692, 70),
(685, 7957, 170),
(686, 1, 150),
(686, 38, 140),
(686, 39, 100),
(686, 97, 20),
(686, 119, 40),
(686, 422, 20),
(686, 4999, 140),
(687, 4, 10),
(687, 247, 50),
(687, 763, 100),
(687, 925, 140),
(687, 1486, 30),
(687, 1692, 100),
(688, 2, 200),
(688, 97, 10),
(688, 113, 60),
(688, 192, 10),
(688, 348, 12),
(688, 572, 60),
(688, 597, 40),
(688, 630, 40),
(688, 763, 100),
(689, 97, 20),
(689, 160, 60),
(689, 247, 50),
(689, 361, 200),
(689, 572, 60),
(689, 630, 40),
(689, 1485, 42),
(690, 57, 120),
(690, 297, 56),
(690, 1270, 100),
(690, 7957, 170),
(691, 57, 120),
(691, 277, 10),
(691, 297, 56),
(691, 1270, 100),
(691, 7957, 85),
(692, 127, 80),
(692, 295, 150),
(692, 403, 150),
(692, 2289, 100),
(693, 89, 60),
(693, 127, 120),
(693, 135, 6),
(694, 60, 6),
(694, 89, 120),
(694, 200, 1),
(694, 361, 100),
(694, 596, 56),
(694, 665, 50),
(694, 1055, 30),
(695, 60, 6),
(695, 89, 60),
(695, 149, 15),
(695, 361, 100),
(696, 4, 5),
(696, 41, 50),
(696, 57, 120),
(696, 198, 75),
(696, 595, 45),
(696, 2048, 90),
(697, 2, 60),
(697, 4, 5),
(697, 100, 1),
(697, 127, 160),
(697, 149, 15),
(697, 239, 140),
(697, 247, 50),
(697, 1270, 40),
(697, 1424, 9),
(698, 38, 70),
(698, 57, 60),
(698, 60, 6),
(698, 383, 10),
(698, 422, 15),
(698, 595, 30),
(698, 630, 40),
(698, 3727, 150),
(699, 189, 300),
(699, 364, 70),
(700, 56, 140),
(700, 97, 10),
(700, 277, 20),
(700, 348, 24),
(700, 597, 60),
(700, 637, 100),
(700, 1219, 60),
(700, 1486, 30),
(701, 4, 20),
(701, 56, 140),
(701, 297, 112),
(701, 597, 40),
(701, 630, 80),
(701, 1486, 30),
(702, 2, 120),
(702, 4, 5),
(702, 56, 35),
(702, 247, 50),
(702, 277, 10),
(702, 297, 112),
(703, 41, 50),
(703, 56, 70),
(703, 396, 25),
(704, 5, 8),
(704, 41, 25),
(704, 56, 70),
(704, 57, 120),
(704, 3727, 200),
(705, 2, 200),
(705, 56, 140),
(705, 97, 20),
(705, 160, 60),
(705, 1219, 60),
(705, 1486, 30),
(705, 2236, 180),
(705, 4177, 40),
(706, 5, 16),
(706, 57, 120),
(706, 62, 1),
(706, 97, 10),
(706, 100, 1),
(706, 572, 120),
(706, 630, 80),
(706, 763, 100),
(706, 945, 160),
(707, 4, 5),
(707, 38, 40),
(707, 63, 2),
(707, 159, 39),
(707, 535, 250),
(708, 57, 120),
(708, 277, 10),
(708, 1363, 225),
(708, 1486, 30),
(708, 4199, 40),
(709, 4, 10),
(709, 763, 100),
(709, 3649, 91),
(709, 4038, 136),
(709, 8244, 4),
(710, 5, 8),
(710, 62, 2),
(710, 64, 2),
(710, 258, 80),
(710, 397, 5),
(710, 572, 60),
(710, 630, 80),
(710, 1486, 30),
(710, 1723, 45),
(711, 4, 5),
(711, 38, 70),
(711, 41, 50),
(711, 296, 45),
(711, 1379, 60),
(711, 4131, 50),
(712, 62, 1),
(712, 64, 1),
(712, 97, 20),
(712, 189, 300),
(712, 277, 10),
(712, 572, 60),
(712, 597, 40),
(712, 630, 40),
(712, 763, 100),
(712, 1485, 28),
(713, 149, 15),
(713, 247, 50),
(713, 763, 50),
(713, 1129, 65),
(713, 2120, 140),
(713, 3833, 50),
(714, 2, 80),
(714, 97, 10),
(714, 100, 2),
(714, 165, 4),
(714, 247, 50),
(714, 665, 50),
(714, 763, 50),
(714, 1694, 10),
(714, 2867, 8),
(715, 2, 200),
(715, 62, 1),
(715, 64, 1),
(715, 97, 20),
(715, 247, 50),
(715, 572, 60),
(715, 583, 170),
(715, 748, 150),
(715, 4015, 30),
(716, 2, 160),
(716, 97, 10),
(716, 247, 75),
(716, 596, 84),
(716, 600, 16),
(716, 1290, 40),
(716, 1728, 50),
(716, 2472, 200),
(717, 4, 5),
(717, 5, 8),
(717, 38, 140),
(717, 57, 120),
(717, 159, 52),
(717, 297, 112),
(717, 535, 50),
(718, 4, 10),
(718, 56, 140),
(718, 57, 120),
(718, 60, 12),
(718, 247, 100),
(718, 297, 56),
(718, 1692, 100),
(719, 2, 240),
(719, 4, 20),
(719, 1485, 42),
(719, 1486, 30),
(719, 1692, 140),
(719, 4177, 80),
(719, 8394, 100),
(720, 38, 70),
(720, 97, 20),
(720, 159, 52),
(720, 296, 45),
(720, 856, 6),
(721, 56, 140),
(721, 62, 2),
(721, 64, 1),
(721, 97, 20),
(721, 630, 80),
(721, 855, 120),
(721, 1216, 100),
(721, 1486, 30),
(722, 56, 70),
(722, 247, 50),
(722, 596, 56),
(722, 1055, 15),
(722, 1728, 50),
(723, 2, 200),
(723, 38, 140),
(723, 97, 20),
(723, 348, 24),
(723, 748, 150),
(723, 1424, 6),
(723, 1486, 45),
(723, 2197, 65),
(723, 4177, 60),
(724, 2, 100),
(724, 4, 25),
(724, 41, 50),
(724, 56, 140),
(724, 60, 12),
(724, 163, 1),
(724, 361, 200),
(724, 2427, 2),
(724, 4301, 144),
(725, 2, 160),
(725, 4, 10),
(725, 56, 70),
(725, 62, 2),
(725, 97, 10),
(725, 100, 2),
(725, 425, 3),
(725, 595, 30),
(725, 599, 10),
(725, 600, 8),
(725, 879, 29),
(725, 1270, 60),
(725, 3833, 25),
(725, 8481, 35),
(726, 2, 160),
(726, 3, 120),
(726, 4, 10),
(726, 6, 5),
(726, 60, 6),
(726, 856, 12),
(726, 2236, 180),
(726, 2427, 1),
(726, 3833, 50),
(726, 8509, 91),
(727, 4, 20),
(727, 38, 140),
(727, 62, 1),
(727, 100, 2),
(727, 348, 6),
(727, 1002, 20),
(727, 1983, 10),
(727, 2323, 60),
(727, 4177, 40),
(727, 6338, 120),
(727, 8528, 84),
(728, 2, 160),
(728, 198, 60),
(728, 247, 75),
(728, 383, 20),
(728, 856, 24),
(728, 2323, 60),
(729, 3, 60),
(729, 5, 16),
(729, 6, 5),
(729, 62, 2),
(729, 64, 1),
(729, 97, 10),
(729, 630, 80),
(729, 1692, 140),
(730, 2, 240),
(730, 4, 20),
(730, 239, 280),
(730, 597, 40),
(730, 1219, 60),
(730, 1486, 30),
(731, 2, 100),
(731, 51, 20),
(731, 160, 75),
(731, 576, 10),
(731, 597, 20),
(731, 1692, 50),
(732, 4, 10),
(732, 57, 120),
(732, 199, 15),
(732, 777, 45),
(732, 3727, 100),
(733, 3, 45),
(733, 5, 16),
(733, 6, 5),
(733, 38, 75),
(733, 56, 70),
(733, 199, 15),
(733, 3727, 150),
(734, 4, 10),
(734, 38, 140),
(734, 731, 280),
(734, 1365, 200),
(734, 6362, 200),
(735, 1, 300),
(735, 4, 10),
(735, 39, 100),
(735, 41, 50),
(735, 100, 2),
(735, 149, 15),
(735, 261, 2),
(735, 596, 84),
(735, 856, 12),
(735, 1845, 200),
(735, 2830, 2),
(735, 7826, 10),
(736, 4, 10),
(736, 57, 120),
(736, 440, 65),
(736, 1486, 15),
(736, 2048, 60),
(736, 8658, 120),
(737, 5, 16),
(737, 57, 120),
(737, 97, 5),
(737, 165, 2),
(737, 600, 16),
(737, 630, 80),
(737, 4177, 40),
(738, 57, 120),
(738, 97, 10),
(738, 127, 320),
(738, 763, 100),
(738, 777, 135),
(738, 1485, 42),
(738, 2197, 65),
(738, 4177, 80),
(739, 38, 70),
(739, 60, 6),
(739, 149, 15),
(739, 396, 25),
(739, 590, 90),
(739, 630, 80),
(740, 56, 70),
(740, 160, 45),
(740, 192, 40),
(740, 247, 100),
(740, 364, 140),
(741, 119, 40),
(741, 241, 97),
(741, 297, 56),
(741, 595, 90),
(741, 1265, 180),
(741, 1895, 120),
(742, 4, 5),
(742, 5, 16),
(742, 1485, 21),
(742, 1486, 15),
(742, 1895, 90),
(742, 4999, 100),
(743, 2, 120),
(743, 4, 5),
(743, 38, 70),
(743, 62, 1),
(743, 122, 10),
(743, 163, 2),
(743, 600, 24),
(743, 1895, 40),
(744, 38, 80),
(744, 1265, 120),
(744, 1895, 120),
(745, 2, 160),
(745, 4, 20),
(745, 198, 60),
(745, 925, 140),
(745, 1485, 35),
(745, 1486, 30),
(745, 1692, 70),
(745, 4177, 80),
(745, 8394, 100),
(746, 3, 30),
(746, 4, 10),
(746, 38, 80),
(746, 198, 52),
(746, 277, 10),
(746, 1265, 120),
(746, 1895, 150),
(747, 2, 200),
(747, 97, 20),
(747, 160, 30),
(747, 277, 15),
(747, 572, 60),
(747, 1486, 30),
(747, 2236, 180),
(747, 4177, 40),
(748, 57, 120),
(748, 62, 1),
(748, 97, 10),
(748, 163, 1),
(748, 247, 50),
(749, 2, 160),
(749, 4, 20),
(749, 63, 3),
(749, 159, 120),
(749, 247, 150),
(749, 856, 24),
(749, 2323, 60),
(750, 97, 10),
(750, 159, 97),
(750, 296, 90),
(750, 361, 400),
(751, 62, 2),
(751, 97, 20),
(751, 100, 3),
(751, 912, 3),
(751, 8850, 100),
(752, 97, 10),
(752, 440, 97),
(752, 1363, 225),
(752, 1365, 300),
(752, 4633, 200),
(753, 4, 10),
(753, 38, 70),
(753, 777, 180),
(753, 1895, 90),
(754, 149, 15),
(754, 348, 12),
(754, 665, 32),
(754, 1162, 150),
(754, 7224, 30),
(755, 200, 3),
(755, 659, 50),
(755, 1162, 150),
(755, 2197, 65),
(756, 113, 60),
(756, 192, 10),
(756, 1162, 150),
(756, 8898, 50),
(757, 122, 10),
(757, 277, 10),
(757, 630, 40),
(757, 1162, 150),
(757, 2197, 65),
(758, 6, 5),
(758, 38, 35),
(758, 39, 100),
(758, 97, 10),
(758, 572, 60),
(758, 1162, 150),
(759, 200, 3),
(759, 361, 100),
(759, 1112, 200),
(760, 364, 70),
(760, 1162, 75),
(760, 8934, 30),
(761, 38, 70),
(761, 41, 50),
(761, 57, 65),
(761, 630, 40),
(761, 1112, 200),
(761, 2048, 15),
(761, 2357, 60),
(762, 132, 10),
(762, 3801, 80),
(763, 482, 30),
(763, 1162, 150),
(764, 56, 70),
(764, 89, 120),
(764, 100, 1),
(764, 297, 56),
(764, 361, 25),
(764, 546, 1),
(764, 625, 100),
(765, 2, 40),
(765, 572, 60),
(765, 630, 20),
(765, 2149, 12),
(766, 2, 160),
(766, 5, 24),
(766, 38, 140),
(766, 39, 80),
(766, 159, 97),
(766, 297, 56),
(767, 89, 120),
(767, 99, 14),
(767, 208, 5),
(767, 274, 12),
(767, 278, 10),
(767, 297, 56),
(767, 810, 45),
(767, 8997, 35),
(768, 89, 120),
(768, 200, 5),
(768, 302, 49),
(768, 625, 50),
(769, 2, 80),
(769, 6, 5),
(769, 100, 1),
(769, 208, 10),
(769, 247, 50),
(769, 348, 12),
(769, 1290, 20),
(769, 8658, 100),
(770, 113, 120),
(770, 132, 25),
(770, 135, 3),
(770, 258, 60),
(770, 304, 5),
(770, 348, 24),
(770, 364, 70),
(770, 2427, 1),
(771, 89, 120),
(771, 149, 15),
(771, 247, 25),
(771, 304, 10),
(771, 348, 12),
(771, 659, 50),
(771, 2289, 300),
(771, 2427, 1),
(771, 4005, 80),
(772, 89, 120),
(772, 239, 280),
(772, 304, 15),
(772, 1054, 250),
(772, 4005, 250),
(773, 239, 140),
(773, 361, 400),
(774, 56, 70),
(774, 89, 120),
(774, 361, 200),
(775, 89, 240),
(775, 201, 5),
(775, 420, 30),
(776, 89, 120),
(776, 246, 125),
(776, 637, 50),
(776, 886, 5),
(777, 247, 75),
(777, 315, 30),
(777, 403, 150),
(778, 41, 100),
(778, 97, 20),
(778, 177, 200),
(778, 2236, 240),
(778, 9110, 150),
(779, 127, 160),
(779, 295, 300),
(779, 296, 45),
(779, 535, 50),
(779, 630, 40),
(779, 777, 45),
(779, 1290, 40),
(780, 89, 120),
(780, 295, 300),
(780, 296, 135),
(781, 295, 300),
(781, 296, 45),
(781, 637, 50),
(782, 295, 150),
(782, 777, 45),
(782, 879, 58),
(782, 1129, 130),
(783, 1055, 30),
(783, 9152, 240),
(784, 127, 240),
(784, 295, 150),
(784, 1726, 90),
(785, 886, 5),
(785, 1129, 260),
(785, 1726, 90),
(786, 295, 300),
(786, 296, 90),
(786, 637, 50),
(786, 777, 135),
(787, 1055, 15),
(788, 99, 21),
(788, 113, 90),
(788, 1002, 25),
(788, 2427, 1),
(789, 6, 1),
(789, 41, 50),
(789, 97, 10),
(789, 163, 2),
(789, 177, 100),
(790, 41, 100),
(790, 97, 30),
(790, 165, 4),
(790, 177, 300),
(790, 1895, 120),
(791, 6, 5),
(791, 56, 70),
(791, 258, 20),
(791, 1290, 40),
(792, 97, 10),
(792, 119, 40),
(792, 535, 250),
(793, 41, 50),
(793, 97, 5),
(793, 161, 75),
(793, 576, 3),
(794, 41, 50),
(794, 97, 10),
(794, 177, 200),
(794, 576, 4),
(794, 790, 20),
(794, 1895, 60),
(794, 4798, 100),
(795, 89, 240),
(795, 136, 45),
(795, 209, 20),
(795, 9243, 54),
(796, 6, 5),
(796, 38, 140),
(796, 56, 70),
(796, 136, 30),
(796, 396, 30),
(796, 599, 30),
(796, 886, 5),
(796, 1290, 40),
(796, 2323, 90),
(796, 9243, 54),
(797, 4, 30),
(797, 60, 6),
(797, 62, 1),
(797, 100, 2),
(797, 113, 60),
(797, 149, 15),
(797, 247, 75),
(797, 348, 72),
(797, 361, 100),
(797, 464, 5),
(797, 637, 100),
(797, 763, 100),
(797, 886, 10),
(797, 949, 15),
(797, 3833, 50),
(797, 8658, 500),
(797, 9271, 110),
(798, 41, 50),
(798, 97, 10),
(798, 637, 100),
(799, 4, 5),
(799, 41, 50),
(799, 296, 45),
(799, 4131, 100),
(800, 4, 5),
(800, 296, 45),
(800, 856, 18),
(800, 1215, 110),
(801, 4, 20),
(801, 38, 75),
(801, 41, 50),
(801, 57, 120),
(801, 630, 80),
(801, 3727, 200),
(802, 100, 1),
(802, 258, 20),
(802, 295, 45),
(802, 1290, 15),
(802, 1379, 50),
(803, 97, 10),
(803, 295, 70),
(803, 296, 45),
(803, 1969, 5),
(804, 38, 70),
(804, 100, 1),
(804, 198, 120),
(804, 348, 6),
(804, 422, 15),
(804, 599, 40),
(804, 630, 80),
(804, 2323, 120),
(804, 6288, 12),
(804, 9361, 21),
(805, 316, 32),
(806, 2, 120),
(806, 4, 10),
(806, 6, 5),
(806, 62, 1),
(806, 247, 200),
(806, 297, 168),
(806, 625, 15),
(806, 949, 7),
(806, 1197, 1),
(806, 9384, 5),
(807, 135, 12),
(807, 159, 97),
(807, 192, 40),
(807, 200, 5),
(807, 208, 60),
(807, 276, 50),
(807, 295, 450),
(807, 297, 56),
(807, 315, 50),
(807, 2502, 80),
(808, 4, 20),
(808, 38, 140),
(808, 41, 100),
(808, 62, 1),
(808, 100, 1),
(808, 127, 120),
(808, 425, 5),
(808, 1290, 40),
(809, 2, 160),
(809, 41, 50),
(809, 576, 20),
(809, 630, 40),
(809, 9435, 70),
(810, 1, 100),
(810, 41, 100),
(810, 93, 100),
(810, 97, 10),
(811, 1, 150),
(811, 2, 60),
(811, 41, 50),
(811, 60, 6),
(811, 97, 5),
(811, 100, 1),
(811, 165, 4),
(811, 4580, 70),
(811, 4692, 200),
(812, 97, 30),
(812, 149, 30),
(812, 247, 150),
(812, 348, 12),
(812, 361, 200),
(812, 637, 200),
(812, 763, 50),
(812, 1424, 6),
(812, 1983, 10),
(813, 4, 10),
(813, 6, 5),
(813, 60, 12),
(813, 247, 100),
(813, 2149, 12),
(813, 9488, 200),
(814, 41, 100),
(814, 60, 6),
(814, 62, 2),
(814, 97, 150),
(814, 200, 5),
(814, 280, 5),
(814, 348, 24),
(814, 424, 5),
(814, 498, 5),
(814, 499, 2),
(814, 1983, 20),
(814, 5963, 3),
(814, 9500, 400),
(814, 9513, 2),
(815, 41, 200),
(815, 97, 10),
(815, 258, 120),
(815, 296, 135),
(815, 297, 112),
(815, 637, 300),
(815, 731, 210),
(815, 9529, 300),
(816, 41, 100),
(816, 97, 20),
(816, 296, 90),
(816, 572, 120),
(816, 9529, 400),
(817, 41, 100),
(817, 122, 20),
(817, 246, 125),
(817, 277, 20),
(817, 498, 2),
(817, 499, 2),
(817, 1097, 60),
(817, 1977, 200),
(817, 7826, 10),
(818, 60, 6),
(818, 148, 48),
(818, 278, 10),
(818, 317, 98),
(819, 41, 100),
(819, 296, 180),
(819, 1002, 2000),
(819, 1066, 70),
(819, 1068, 100),
(819, 1220, 100),
(819, 1379, 90),
(819, 1692, 160),
(820, 297, 56),
(820, 459, 50),
(820, 464, 30),
(820, 625, 400),
(820, 1054, 250),
(821, 99, 120),
(821, 208, 100),
(821, 278, 10),
(821, 297, 112),
(821, 361, 200),
(821, 405, 200),
(821, 546, 3),
(822, 2, 60),
(822, 4, 10),
(822, 60, 12),
(822, 62, 2),
(822, 100, 3),
(822, 729, 250),
(822, 856, 18),
(822, 1726, 60),
(822, 2427, 2),
(822, 3649, 78),
(823, 97, 50),
(823, 100, 3),
(823, 119, 250),
(823, 277, 20),
(823, 297, 168),
(823, 1066, 420),
(823, 2405, 300),
(824, 41, 50),
(824, 62, 1),
(824, 64, 1),
(824, 97, 10),
(824, 397, 5),
(824, 572, 30),
(824, 1265, 60),
(824, 1921, 20),
(824, 1983, 10),
(825, 97, 10),
(825, 417, 200),
(825, 856, 24),
(825, 878, 100),
(825, 1290, 20),
(825, 1486, 30),
(825, 9673, 100),
(826, 60, 12),
(826, 62, 2),
(826, 97, 15),
(826, 100, 3),
(826, 130, 40),
(826, 422, 25),
(827, 63, 4),
(827, 97, 10),
(827, 535, 50),
(827, 572, 60),
(827, 590, 90),
(827, 790, 15),
(827, 9704, 2),
(828, 57, 60),
(828, 160, 45),
(828, 163, 1),
(828, 247, 25),
(828, 9713, 54),
(828, 9716, 15),
(829, 57, 120),
(829, 160, 30),
(829, 397, 5),
(829, 422, 5),
(829, 572, 60),
(829, 1486, 15),
(830, 258, 60),
(830, 396, 30),
(830, 630, 80),
(830, 1895, 90),
(830, 3771, 45),
(831, 216, 200),
(831, 258, 80),
(831, 397, 5),
(831, 572, 120),
(831, 583, 170),
(832, 119, 60),
(832, 200, 2),
(832, 295, 150),
(832, 625, 100),
(833, 295, 75),
(833, 625, 100),
(834, 113, 60),
(834, 216, 200),
(834, 258, 40),
(834, 348, 24),
(834, 364, 70),
(834, 397, 5),
(834, 659, 50),
(834, 2197, 65),
(835, 38, 140),
(835, 119, 40),
(835, 422, 10),
(835, 625, 100),
(835, 2648, 21),
(836, 3, 60),
(836, 62, 1),
(836, 100, 1),
(836, 216, 200),
(836, 258, 60),
(836, 382, 24),
(836, 397, 10),
(836, 572, 120),
(836, 630, 40),
(837, 3, 60),
(837, 97, 10),
(837, 100, 2),
(837, 216, 300),
(837, 422, 20),
(838, 4, 10),
(838, 41, 50),
(838, 62, 2),
(838, 498, 4),
(838, 499, 3),
(838, 515, 396),
(838, 1002, 250),
(838, 1197, 2),
(838, 1215, 300),
(838, 1220, 20),
(839, 41, 100),
(839, 60, 3),
(839, 97, 10),
(839, 100, 3),
(839, 147, 50),
(839, 247, 150),
(839, 296, 45),
(839, 576, 10),
(839, 600, 24),
(839, 731, 35),
(839, 1265, 120),
(839, 1723, 75),
(839, 1983, 20),
(839, 2197, 195),
(839, 2867, 20),
(839, 9850, 30),
(840, 8934, 30),
(841, 56, 70),
(841, 278, 20),
(841, 348, 24),
(842, 56, 70),
(842, 382, 16),
(843, 56, 35),
(843, 57, 60),
(843, 8934, 40),
(844, 258, 40),
(844, 8934, 30),
(845, 3, 60),
(845, 2198, 20),
(846, 136, 45),
(846, 8934, 30),
(847, 348, 48),
(847, 397, 5),
(847, 1129, 130),
(847, 8934, 20),
(848, 51, 30),
(848, 600, 16),
(849, 482, 45),
(850, 60, 18),
(850, 159, 91),
(850, 200, 5),
(850, 295, 150),
(850, 348, 36),
(851, 258, 100),
(851, 277, 30),
(851, 297, 112),
(851, 595, 60),
(851, 1265, 180),
(851, 1809, 125),
(852, 1, 150),
(852, 4, 10),
(852, 38, 70),
(854, 1, 600),
(854, 4, 10),
(854, 6, 10),
(854, 41, 200),
(854, 57, 360),
(854, 165, 4),
(854, 672, 200),
(854, 790, 40),
(854, 856, 18),
(854, 4580, 140),
(855, 1, 100),
(855, 37, 150),
(855, 296, 45),
(855, 397, 5),
(856, 4, 15),
(856, 297, 112),
(856, 382, 16),
(857, 97, 10),
(857, 763, 100),
(857, 856, 12),
(857, 2864, 10),
(858, 296, 90),
(858, 777, 90),
(859, 208, 20),
(859, 1066, 50),
(859, 1129, 130),
(859, 9992, 300),
(860, 89, 120),
(860, 147, 125),
(860, 159, 52),
(861, 89, 120),
(861, 130, 375),
(861, 136, 15),
(861, 200, 2),
(861, 1473, 36),
(862, 97, 10),
(862, 239, 140),
(862, 296, 45),
(862, 422, 20),
(862, 599, 30),
(862, 600, 8),
(862, 879, 29),
(862, 883, 4),
(862, 3833, 50),
(862, 4445, 6),
(862, 10019, 40),
(863, 100, 2),
(863, 147, 125),
(863, 200, 5),
(863, 1055, 60),
(863, 1063, 81),
(864, 113, 120),
(864, 130, 125),
(864, 271, 40),
(864, 332, 24),
(865, 3, 60),
(865, 60, 12),
(865, 62, 1),
(865, 422, 5),
(865, 790, 10),
(865, 856, 6),
(865, 1002, 250),
(865, 1055, 60),
(865, 6338, 60),
(866, 89, 60),
(866, 147, 150),
(866, 295, 150),
(866, 403, 150),
(867, 41, 100),
(867, 97, 45),
(867, 296, 45),
(867, 480, 150),
(867, 880, 15),
(867, 1068, 25),
(867, 1379, 30),
(867, 6154, 150),
(868, 6, 10),
(868, 39, 100),
(868, 41, 100),
(868, 100, 6),
(868, 208, 40),
(868, 296, 45),
(868, 304, 20),
(868, 440, 65),
(868, 856, 24),
(868, 1068, 50),
(868, 1379, 60),
(869, 6, 5),
(869, 97, 5),
(869, 147, 50),
(869, 3285, 200),
(870, 97, 15),
(870, 200, 5),
(870, 227, 125),
(870, 276, 100),
(870, 295, 150),
(870, 462, 15),
(871, 99, 14),
(871, 208, 60),
(871, 274, 72),
(871, 278, 40),
(871, 546, 6),
(871, 1129, 260),
(872, 88, 50),
(872, 89, 120),
(872, 130, 60),
(873, 208, 5),
(873, 209, 5),
(873, 227, 90),
(873, 304, 5),
(873, 403, 150),
(873, 2405, 45),
(874, 208, 10),
(874, 227, 375),
(874, 304, 20),
(874, 403, 450),
(874, 2405, 135),
(875, 4, 10),
(875, 39, 80),
(875, 41, 100),
(875, 177, 200),
(875, 855, 120),
(876, 4, 5),
(876, 6, 10),
(876, 41, 100),
(876, 130, 125),
(876, 177, 240),
(876, 296, 90),
(876, 576, 3),
(876, 736, 10),
(876, 777, 90),
(877, 41, 50),
(877, 57, 120),
(877, 383, 10),
(877, 1822, 120),
(877, 2162, 220),
(878, 37, 100),
(878, 60, 12),
(878, 165, 4),
(878, 630, 40),
(878, 790, 20),
(878, 856, 18),
(878, 1640, 50),
(878, 10218, 122),
(879, 6, 10),
(879, 38, 140),
(879, 41, 100),
(879, 62, 1),
(879, 64, 1),
(879, 159, 85),
(879, 789, 48),
(879, 1085, 165),
(879, 1217, 100),
(879, 2864, 20),
(879, 10234, 200),
(879, 10243, 10),
(880, 6, 10),
(880, 38, 140),
(880, 41, 100),
(880, 57, 480),
(880, 62, 1),
(880, 97, 10),
(880, 100, 2),
(880, 729, 125),
(880, 856, 12),
(880, 1832, 5),
(880, 4580, 140),
(880, 10259, 275),
(881, 6, 10),
(881, 41, 300),
(881, 62, 1),
(881, 64, 1),
(881, 149, 120),
(881, 261, 2),
(881, 731, 280),
(881, 789, 200),
(881, 1215, 110),
(881, 10284, 200),
(882, 6, 5),
(882, 41, 100),
(882, 62, 2),
(882, 100, 3),
(882, 296, 90),
(882, 498, 3),
(882, 499, 2),
(882, 856, 12),
(882, 1002, 1500),
(882, 1066, 70),
(882, 1068, 50),
(882, 1085, 55),
(882, 1379, 60),
(883, 1, 250),
(883, 41, 50),
(883, 97, 30),
(883, 177, 200),
(883, 10284, 84),
(884, 38, 140),
(884, 97, 20),
(884, 119, 180),
(884, 122, 10),
(884, 149, 30),
(884, 177, 400),
(884, 198, 150),
(884, 731, 210),
(884, 856, 18),
(884, 1365, 150),
(885, 1, 150),
(885, 6, 5),
(885, 38, 70),
(885, 41, 50),
(885, 97, 10),
(885, 177, 400),
(885, 856, 12),
(885, 1723, 45),
(886, 6, 5),
(886, 41, 100),
(886, 97, 15),
(886, 177, 200),
(886, 856, 12),
(886, 913, 3),
(887, 296, 45),
(887, 731, 210),
(887, 1068, 50),
(887, 1379, 60),
(887, 1969, 10),
(888, 60, 12),
(888, 296, 45),
(888, 637, 500),
(888, 1068, 50),
(888, 1379, 60),
(889, 41, 300),
(889, 397, 30),
(889, 1215, 300),
(889, 3580, 300),
(890, 925, 350),
(891, 5, 16),
(891, 97, 10),
(891, 297, 56),
(891, 7189, 50),
(891, 10416, 210),
(892, 3, 30),
(892, 6, 10),
(892, 62, 2),
(892, 64, 1),
(892, 97, 10),
(892, 258, 60),
(892, 297, 56),
(892, 422, 10),
(892, 460, 30),
(892, 630, 40),
(892, 2898, 30),
(893, 296, 90),
(893, 1066, 45),
(893, 1068, 50),
(893, 1379, 60),
(893, 2162, 55),
(894, 25, 500),
(894, 41, 100),
(894, 97, 20),
(894, 296, 45),
(894, 8850, 300),
(895, 25, 200),
(895, 97, 20),
(895, 361, 200),
(895, 599, 40),
(895, 878, 100),
(895, 886, 5),
(895, 1363, 200),
(896, 25, 100),
(896, 97, 1),
(896, 361, 100),
(896, 599, 40),
(896, 878, 50),
(896, 886, 5),
(896, 1363, 150),
(897, 6, 5),
(897, 39, 80),
(897, 97, 15),
(897, 160, 30),
(897, 165, 2),
(897, 297, 112),
(897, 2867, 8),
(897, 4177, 20),
(898, 38, 40),
(898, 396, 20),
(898, 422, 5),
(898, 631, 20),
(898, 2726, 30),
(899, 630, 40),
(899, 1270, 80),
(899, 1640, 40),
(900, 2, 80),
(900, 97, 10),
(900, 132, 60),
(900, 247, 25),
(900, 297, 56),
(900, 1728, 50),
(901, 6, 5),
(901, 38, 70),
(901, 41, 50),
(901, 60, 12),
(901, 97, 5),
(901, 100, 3),
(901, 114, 15),
(901, 122, 25),
(901, 159, 169),
(901, 165, 8),
(901, 304, 10),
(901, 1728, 100),
(902, 1, 150),
(902, 38, 140),
(902, 97, 5),
(902, 122, 10),
(902, 159, 104),
(902, 297, 56),
(902, 1759, 20),
(903, 3, 45),
(903, 62, 1),
(903, 97, 10),
(903, 100, 3),
(903, 165, 2),
(903, 422, 15),
(903, 1002, 40),
(903, 1112, 150),
(903, 2109, 40),
(903, 8997, 70),
(904, 6422, 120),
(905, 40, 100),
(905, 41, 100),
(905, 97, 10),
(905, 192, 10),
(905, 198, 45),
(905, 535, 100),
(906, 40, 200),
(906, 41, 100),
(906, 97, 20),
(906, 192, 20),
(906, 198, 105),
(906, 535, 250),
(906, 1485, 28),
(907, 89, 60),
(907, 159, 52),
(907, 258, 80),
(907, 364, 70),
(907, 8997, 35),
(908, 89, 120),
(908, 258, 80),
(908, 659, 50),
(908, 1473, 40),
(908, 8997, 35),
(909, 88, 200),
(909, 132, 150),
(909, 208, 60),
(909, 209, 80),
(909, 295, 150),
(909, 1129, 130),
(909, 1290, 40),
(910, 132, 40),
(910, 258, 120),
(910, 348, 24),
(910, 364, 70),
(910, 8997, 35),
(911, 97, 10),
(911, 245, 400),
(911, 637, 200),
(911, 731, 140),
(912, 57, 240),
(912, 97, 10),
(912, 160, 60),
(912, 245, 400),
(912, 2898, 60),
(913, 37, 50),
(913, 417, 200),
(913, 736, 10),
(913, 856, 60),
(913, 1692, 160),
(913, 2404, 108),
(913, 2716, 60),
(913, 3412, 50),
(913, 4038, 85),
(914, 5, 32),
(914, 417, 300),
(914, 736, 10),
(914, 856, 60),
(914, 2404, 90),
(914, 2716, 90),
(914, 3412, 200),
(914, 4038, 119),
(915, 37, 50),
(915, 417, 200),
(915, 736, 10),
(915, 856, 60),
(915, 2404, 90),
(915, 2716, 150),
(915, 3412, 50),
(915, 4038, 85),
(915, 10724, 120),
(916, 41, 50),
(916, 97, 10),
(916, 160, 30),
(916, 177, 200),
(916, 1692, 70),
(916, 1845, 100),
(917, 6, 10),
(917, 39, 200),
(917, 97, 10),
(917, 160, 60),
(917, 177, 400),
(917, 576, 8),
(917, 1066, 90),
(917, 1692, 245),
(917, 2472, 400),
(918, 4, 20),
(918, 160, 30),
(918, 161, 50),
(918, 247, 75),
(918, 731, 420),
(918, 1066, 140),
(919, 2, 80),
(919, 297, 168),
(919, 422, 15),
(919, 596, 84),
(919, 953, 3),
(919, 1591, 75),
(919, 1759, 100),
(919, 1845, 300),
(920, 192, 30),
(920, 297, 56),
(920, 596, 84),
(920, 1054, 150),
(920, 1063, 81),
(921, 41, 100),
(921, 97, 10),
(921, 247, 75),
(921, 731, 210),
(921, 1162, 150),
(921, 1363, 225),
(921, 2236, 120),
(922, 4, 5),
(922, 6, 5),
(922, 39, 150),
(922, 41, 50),
(922, 57, 360),
(922, 535, 150),
(922, 731, 350),
(922, 763, 90),
(922, 856, 12),
(923, 6, 5),
(923, 41, 50),
(923, 97, 30),
(923, 160, 60),
(923, 297, 112),
(923, 731, 490),
(923, 10841, 200),
(924, 2, 160),
(924, 39, 80),
(924, 160, 15),
(924, 397, 10),
(925, 1, 300),
(925, 4, 10),
(925, 41, 50),
(925, 62, 1),
(925, 93, 200),
(925, 100, 2),
(925, 160, 150),
(925, 165, 4),
(925, 261, 2),
(925, 950, 16),
(926, 132, 30),
(926, 1162, 150),
(926, 8997, 35),
(927, 4, 20),
(927, 596, 112),
(927, 600, 16),
(927, 630, 40),
(927, 1365, 300),
(927, 1486, 30),
(927, 1527, 140),
(928, 1363, 225),
(928, 1365, 150),
(928, 1692, 140),
(928, 3388, 90),
(929, 3, 30),
(929, 5, 8),
(929, 41, 50),
(929, 62, 1),
(929, 64, 1),
(929, 97, 5),
(929, 247, 25),
(929, 258, 60),
(929, 297, 56),
(929, 460, 30),
(929, 630, 40),
(930, 127, 240),
(930, 201, 10),
(930, 247, 100),
(930, 361, 400),
(930, 1002, 125),
(931, 89, 120),
(931, 127, 80),
(931, 396, 50),
(931, 886, 5),
(931, 1002, 125),
(932, 132, 40),
(932, 247, 70),
(932, 258, 150),
(932, 302, 14),
(932, 630, 70),
(932, 886, 5),
(932, 1290, 39),
(933, 208, 10),
(933, 247, 25),
(933, 297, 168),
(934, 295, 300),
(934, 535, 100),
(934, 1129, 260),
(934, 1728, 200),
(935, 62, 1),
(935, 64, 1),
(935, 97, 10),
(935, 122, 10),
(935, 216, 200),
(935, 764, 16),
(935, 1363, 200),
(935, 2197, 130),
(936, 56, 140),
(936, 100, 2),
(936, 165, 4),
(936, 247, 75),
(936, 637, 400),
(936, 731, 420),
(936, 912, 2),
(937, 97, 50),
(937, 273, 50),
(937, 459, 50),
(937, 546, 3),
(937, 731, 490),
(937, 1681, 20),
(937, 2109, 110),
(938, 731, 70),
(939, 2081, 210),
(940, 5, 8),
(940, 10416, 280),
(941, 62, 2),
(941, 97, 10),
(941, 100, 3),
(941, 163, 3),
(941, 261, 3),
(941, 425, 3),
(941, 731, 210),
(942, 41, 100),
(942, 62, 3),
(942, 296, 45),
(942, 498, 4),
(942, 499, 2),
(942, 729, 500),
(942, 1068, 50),
(942, 1723, 120),
(943, 41, 600),
(943, 296, 90),
(943, 397, 30),
(943, 498, 3),
(943, 499, 2),
(943, 1068, 50),
(943, 1379, 60),
(943, 2357, 60),
(943, 11067, 30),
(944, 41, 50),
(944, 258, 50),
(944, 297, 112),
(944, 731, 280),
(944, 949, 15),
(944, 1068, 50),
(944, 1379, 60),
(944, 11082, 80),
(945, 1, 300),
(945, 5, 16),
(945, 39, 100),
(945, 41, 100),
(945, 62, 1),
(945, 63, 2),
(945, 64, 1),
(945, 261, 1),
(945, 296, 45),
(945, 425, 1),
(945, 949, 15),
(945, 11102, 3),
(946, 6, 5),
(946, 41, 100),
(946, 62, 5),
(946, 64, 6),
(946, 97, 10),
(946, 296, 90),
(946, 397, 10),
(946, 425, 2),
(946, 498, 4),
(946, 499, 2),
(946, 731, 140),
(946, 1068, 50),
(946, 1223, 4),
(946, 1379, 60),
(946, 1822, 100),
(946, 6421, 30),
(946, 11126, 50),
(947, 6, 15),
(947, 41, 100),
(947, 62, 4),
(947, 64, 3),
(947, 97, 10),
(947, 296, 45),
(947, 498, 4),
(947, 499, 2),
(947, 731, 140),
(947, 1068, 50),
(947, 1223, 8),
(947, 1379, 60),
(947, 1824, 80),
(947, 3580, 120),
(947, 11156, 100),
(948, 38, 140),
(948, 41, 100),
(948, 97, 10),
(948, 100, 2),
(948, 177, 400),
(948, 729, 500),
(948, 777, 90),
(948, 856, 12),
(948, 9488, 200),
(949, 62, 1),
(949, 100, 1),
(949, 258, 60),
(949, 296, 45),
(949, 498, 3),
(949, 499, 2),
(949, 731, 140),
(949, 856, 12),
(949, 1068, 50),
(949, 1379, 60),
(949, 7586, 160),
(950, 4, 10),
(950, 41, 50),
(950, 62, 2),
(950, 64, 2),
(950, 258, 100),
(950, 296, 45),
(950, 498, 3),
(950, 499, 2),
(950, 729, 750),
(950, 731, 210),
(950, 856, 12),
(950, 3285, 450),
(951, 4, 10),
(951, 6, 5),
(951, 41, 100),
(951, 62, 2),
(951, 100, 2),
(951, 122, 20),
(951, 729, 500),
(951, 763, 100),
(951, 1068, 50),
(951, 2948, 5),
(951, 4633, 200),
(951, 6421, 15),
(952, 4, 10),
(952, 6, 5),
(952, 62, 1),
(952, 64, 1),
(952, 535, 250),
(952, 572, 120),
(952, 736, 10),
(953, 4, 10),
(953, 6, 5),
(953, 535, 250),
(953, 736, 10),
(954, 41, 100),
(954, 62, 3),
(954, 63, 5),
(954, 64, 3),
(954, 97, 20),
(954, 119, 40),
(954, 296, 135),
(954, 417, 200),
(954, 425, 5),
(954, 498, 6),
(954, 499, 4),
(954, 856, 6),
(954, 1066, 140),
(955, 4, 10),
(955, 6, 10),
(955, 122, 30),
(955, 417, 200),
(955, 736, 10),
(955, 856, 12),
(955, 2357, 120),
(956, 4, 5),
(956, 6, 10),
(956, 122, 20),
(956, 417, 200),
(956, 736, 10),
(956, 856, 12),
(956, 2357, 120),
(957, 4, 10),
(957, 6, 5),
(957, 41, 100),
(957, 60, 12),
(957, 62, 3),
(957, 64, 1),
(957, 277, 10),
(957, 296, 270),
(957, 425, 5),
(957, 729, 500),
(957, 731, 140),
(957, 1066, 70),
(958, 6, 10),
(958, 39, 500),
(958, 97, 10),
(958, 100, 3),
(958, 165, 8),
(958, 856, 12),
(958, 880, 5),
(958, 1066, 140),
(958, 11375, 200),
(959, 97, 20),
(959, 296, 90),
(959, 572, 120),
(959, 731, 140),
(959, 763, 100),
(959, 1066, 140),
(960, 62, 1),
(960, 100, 1),
(960, 424, 3),
(960, 572, 120),
(960, 672, 120),
(960, 736, 20),
(960, 913, 4),
(960, 1365, 150),
(960, 1832, 3),
(961, 62, 2),
(961, 64, 1),
(961, 97, 10),
(961, 247, 100),
(961, 296, 90),
(961, 576, 6),
(961, 731, 70),
(961, 1066, 140),
(961, 1219, 60),
(961, 1363, 225),
(962, 6, 15),
(962, 38, 140),
(962, 39, 80),
(962, 41, 100),
(962, 97, 20),
(962, 161, 50),
(962, 297, 56),
(962, 595, 150),
(962, 736, 10),
(962, 886, 5),
(962, 1473, 18),
(963, 1, 300),
(963, 4, 10),
(963, 6, 10),
(963, 38, 140),
(963, 41, 100),
(963, 57, 120),
(963, 62, 2),
(963, 100, 3),
(963, 261, 2),
(963, 499, 1),
(963, 736, 10),
(963, 788, 100),
(963, 856, 18),
(963, 950, 16),
(963, 1066, 140),
(963, 1379, 60),
(963, 1407, 90),
(963, 1692, 100),
(964, 296, 45),
(964, 498, 3),
(964, 499, 2),
(964, 731, 210),
(964, 1068, 100),
(964, 1265, 360),
(964, 1379, 60),
(964, 11156, 50),
(964, 11506, 40),
(965, 39, 200),
(965, 41, 50),
(965, 258, 80),
(965, 296, 90),
(965, 397, 5),
(965, 498, 5),
(965, 499, 3),
(965, 729, 375),
(965, 731, 210),
(965, 856, 12),
(965, 1068, 50),
(965, 1379, 120),
(966, 41, 100),
(966, 62, 3),
(966, 64, 3),
(966, 177, 200),
(966, 296, 90),
(966, 498, 3),
(966, 499, 3),
(966, 1068, 50),
(966, 1379, 60),
(967, 41, 100),
(967, 62, 3),
(967, 64, 3),
(967, 177, 200),
(967, 296, 45),
(967, 498, 3),
(967, 499, 3),
(967, 1068, 50),
(967, 1379, 60),
(967, 4999, 150),
(968, 41, 50),
(968, 62, 2),
(968, 177, 200),
(968, 241, 135),
(968, 296, 45),
(968, 498, 2),
(968, 499, 3),
(968, 1068, 50),
(968, 1379, 60),
(969, 64, 3),
(969, 296, 45),
(969, 297, 112),
(969, 397, 10),
(969, 498, 4),
(969, 499, 2),
(969, 1068, 50),
(969, 1379, 60),
(969, 11156, 100),
(969, 11598, 210),
(969, 11602, 50),
(969, 11608, 2),
(970, 5, 8),
(970, 62, 3),
(970, 64, 3),
(970, 296, 45),
(970, 498, 4),
(970, 499, 2),
(970, 731, 140),
(970, 1066, 70),
(970, 1068, 50),
(970, 1379, 60),
(970, 1845, 450),
(970, 7586, 160),
(970, 11602, 50),
(971, 41, 100),
(971, 62, 2),
(971, 100, 2),
(971, 296, 90),
(971, 385, 1),
(971, 498, 2),
(971, 499, 1),
(971, 736, 20),
(971, 777, 45),
(971, 855, 105),
(971, 856, 6),
(971, 2048, 210),
(972, 60, 12),
(972, 97, 30),
(972, 100, 3),
(972, 119, 40),
(972, 296, 45),
(972, 459, 25),
(972, 731, 280),
(972, 856, 18),
(972, 913, 5),
(972, 1066, 140),
(972, 4692, 300),
(973, 89, 60),
(973, 295, 75),
(973, 361, 200),
(973, 1290, 40);

-- --------------------------------------------------------

--
-- Structure for view `dieta`
--
DROP TABLE IF EXISTS `dieta`;

CREATE ALGORITHM=UNDEFINED DEFINER=`root`@`localhost` SQL SECURITY DEFINER VIEW `dieta`  AS  select `u`.`Imie` AS `Imie`,`u`.`Nazwisko` AS `Nazwisko`,`td`.`dzien_tygodnia` AS `dzien_tygodnia`,`p1`.`nazwa` AS `Sniadanie`,`p2`.`nazwa` AS `Drugie Sniadanie`,`p3`.`nazwa` AS `Obiad`,`p4`.`nazwa` AS `Podwieczorek`,`p5`.`nazwa` AS `Kolacja` from (((((((`uzytkownicy` `u` left join `tygodniowe_diety` `td` on((`td`.`Login` = `u`.`Login`))) left join `diety` `d` on((`d`.`id_diety` = `td`.`id_diety`))) left join `posilki` `p1` on((`p1`.`id_posilku` = `d`.`posilek_1`))) left join `posilki` `p2` on((`p2`.`id_posilku` = `d`.`posilek_2`))) left join `posilki` `p3` on((`p3`.`id_posilku` = `d`.`posilek_3`))) left join `posilki` `p4` on((`p4`.`id_posilku` = `d`.`posilek_4`))) left join `posilki` `p5` on((`p5`.`id_posilku` = `d`.`posilek_5`))) ;

-- --------------------------------------------------------

--
-- Structure for view `logowanie`
--
DROP TABLE IF EXISTS `logowanie`;

CREATE ALGORITHM=UNDEFINED DEFINER=`root`@`localhost` SQL SECURITY DEFINER VIEW `logowanie`  AS  select `k`.`Login` AS `login`,`k`.`haslo` AS `haslo` from `konta` `k` ;

-- --------------------------------------------------------

--
-- Structure for view `uzytkownikwidok`
--
DROP TABLE IF EXISTS `uzytkownikwidok`;

CREATE ALGORITHM=UNDEFINED DEFINER=`root`@`localhost` SQL SECURITY DEFINER VIEW `uzytkownikwidok`  AS  select `u`.`Imie` AS `imie`,`u`.`Nazwisko` AS `nazwisko`,`u`.`wiek` AS `wiek`,`u`.`waga` AS `waga`,`u`.`wzrost` AS `wzrost` from `uzytkownicy` `u` ;

--
-- Indexes for dumped tables
--

--
-- Indexes for table `aktywnosci`
--
ALTER TABLE `aktywnosci`
  ADD PRIMARY KEY (`id_aktywnosci`);

--
-- Indexes for table `diety`
--
ALTER TABLE `diety`
  ADD PRIMARY KEY (`id_diety`);

--
-- Indexes for table `konta`
--
ALTER TABLE `konta`
  ADD PRIMARY KEY (`id_uzytkownika`) USING BTREE,
  ADD UNIQUE KEY `LoginKonto` (`Login`) USING BTREE,
  ADD KEY `LoginSearch` (`Login`) USING BTREE;

--
-- Indexes for table `posilki`
--
ALTER TABLE `posilki`
  ADD PRIMARY KEY (`id_posilku`),
  ADD UNIQUE KEY `uniqe_name` (`nazwa`),
  ADD KEY `NazwaPosiłkuIndeks` (`nazwa`);

--
-- Indexes for table `produkty`
--
ALTER TABLE `produkty`
  ADD PRIMARY KEY (`id_produktu`),
  ADD UNIQUE KEY `unique_name` (`nazwa`),
  ADD KEY `ProduktIndeks` (`nazwa`,`bialko_w_100g`,`tluszcze_w_100g`,`wegle_w_100g`);

--
-- Indexes for table `tygodniowe_diety`
--
ALTER TABLE `tygodniowe_diety`
  ADD PRIMARY KEY (`Login`,`id_diety`),
  ADD KEY `id_diety` (`id_diety`);

--
-- Indexes for table `uzytkownicy`
--
ALTER TABLE `uzytkownicy`
  ADD PRIMARY KEY (`Login`),
  ADD KEY `ImieNazwiskoIndeks` (`Imie`,`Nazwisko`);

--
-- Indexes for table `wiersze_aktywnosci`
--
ALTER TABLE `wiersze_aktywnosci`
  ADD PRIMARY KEY (`Login`,`id_aktywnosci`) USING BTREE,
  ADD KEY `id_aktywności` (`id_aktywnosci`);

--
-- Indexes for table `wiersze_posilkow`
--
ALTER TABLE `wiersze_posilkow`
  ADD PRIMARY KEY (`id_posilku`,`id_produktu`),
  ADD KEY `id_produktu` (`id_produktu`);

--
-- AUTO_INCREMENT for dumped tables
--

--
-- AUTO_INCREMENT for table `aktywnosci`
--
ALTER TABLE `aktywnosci`
  MODIFY `id_aktywnosci` int(10) NOT NULL AUTO_INCREMENT, AUTO_INCREMENT=8;

--
-- AUTO_INCREMENT for table `diety`
--
ALTER TABLE `diety`
  MODIFY `id_diety` int(10) NOT NULL AUTO_INCREMENT, AUTO_INCREMENT=658;

--
-- AUTO_INCREMENT for table `konta`
--
ALTER TABLE `konta`
  MODIFY `id_uzytkownika` int(10) NOT NULL AUTO_INCREMENT, AUTO_INCREMENT=42;

--
-- AUTO_INCREMENT for table `posilki`
--
ALTER TABLE `posilki`
  MODIFY `id_posilku` int(10) NOT NULL AUTO_INCREMENT, AUTO_INCREMENT=974;

--
-- AUTO_INCREMENT for table `produkty`
--
ALTER TABLE `produkty`
  MODIFY `id_produktu` int(10) NOT NULL AUTO_INCREMENT, AUTO_INCREMENT=11704;

--
-- Constraints for dumped tables
--

--
-- Constraints for table `tygodniowe_diety`
--
ALTER TABLE `tygodniowe_diety`
  ADD CONSTRAINT `LoginTygodnioweDiety` FOREIGN KEY (`Login`) REFERENCES `uzytkownicy` (`Login`),
  ADD CONSTRAINT `id_diety` FOREIGN KEY (`id_diety`) REFERENCES `diety` (`id_diety`);

--
-- Constraints for table `uzytkownicy`
--
ALTER TABLE `uzytkownicy`
  ADD CONSTRAINT `LoginKonto` FOREIGN KEY (`Login`) REFERENCES `konta` (`Login`);

--
-- Constraints for table `wiersze_aktywnosci`
--
ALTER TABLE `wiersze_aktywnosci`
  ADD CONSTRAINT `Login` FOREIGN KEY (`Login`) REFERENCES `uzytkownicy` (`Login`),
  ADD CONSTRAINT `id_aktywności` FOREIGN KEY (`id_aktywnosci`) REFERENCES `aktywnosci` (`id_aktywnosci`);

--
-- Constraints for table `wiersze_posilkow`
--
ALTER TABLE `wiersze_posilkow`
  ADD CONSTRAINT `id_posiłku` FOREIGN KEY (`id_posilku`) REFERENCES `posilki` (`id_posilku`),
  ADD CONSTRAINT `id_produktu` FOREIGN KEY (`id_produktu`) REFERENCES `produkty` (`id_produktu`);
COMMIT;

/*!40101 SET CHARACTER_SET_CLIENT=@OLD_CHARACTER_SET_CLIENT */;
/*!40101 SET CHARACTER_SET_RESULTS=@OLD_CHARACTER_SET_RESULTS */;
/*!40101 SET COLLATION_CONNECTION=@OLD_COLLATION_CONNECTION */;
